Workbook

Sheet 全量总表(0907)
A1: 点位基础信息 | C1: 界面分类信息 | L1: 空间分析信息 | AI1: 行人行为信息 | BJ1: 进一步计算
A2: 基本字段 | C2: ABCD 分类 | L2: 空间尺寸 | O2: 功能类型 | V2: 界面品质 | AE2: 环境舒适度 | AI2: 总体 | AM2: 年龄 | AQ2: 性别 | AT2: 动作 | AV2: 具体行为 | BL2: 辅助计算
A3: 序号 | B3: 完整地址 | C3: A 界面类型 | D3: B1 界面退让 | E3: B2 可视度 | F3: B3 构件延伸 a | G3: B3 构件延伸 b | H3: B3 构件延伸 c | I3: C 尺度层级 | J3: D 附属设施 | K3: D附属设施加权指数 | L3: 节点空间长度(m) | M3: 界面退让距离(m) | N3: 有效停留空间面积(㎡) | O3: 功能类型 | P3: 功能混合度 | Q3: 功能呈现度 | R3: 人均消费水平(元/人) | S3: 消费型停留空间占比(%) | T3: 可承载停留人数(人) | U3: 界面整体状态 | V3: 界面开放度 | W3: 临街互动性 | X3: 界面连续性 | Y3: 界面连续性照片 | Z3: 视觉丰富度 | AA3: 历史感知度 | AB3: 路面状态 | AC3: 动静混合度 | AD3: 动静混合度照片 | AE3: 遮荫来源 | AF3: 遮荫率(%) | AG3: 声环境舒适度 | AH3: 气味环境 | AI3: 行人样本数 | AJ3: 行为集群数 | AK3: 独立人数 | AL3: 集聚人数 | AM3: 幼年人数 | AN3: 青年人数 | AO3: 中年人数 | AP3: 老年人数 | AQ3: 男性人数 | AR3: 女性人数 | AS3: 无法判断性别人数 | AT3: 落座人数 | AU3: 站立/倚靠人数 | AV3: 观察人数 | AW3: 光顾人数 | AX3: 等待人数 | AY3: 打卡人数 | AZ3: 社交人数 | BA3: 争吵/纠纷人数 | BB3: 饮食人数 | BC3: 休憩人数 | BD3: 避雨/遮阳人数 | BE3: 工作人数 | BF3: 娱乐人数 | BG3: 运动人数 | BH3: 照看人数 | BI3: 整理人数 | BJ3: 总人数 | BK3: 停留密度 | BL3: 集聚比例 | BM3: H2 | BN3: I2 | BO3: J2 | BP3: K2 | BQ3: 香农原始指数 | BR3: 年龄混合度 | BS3: 居民指数 | BT3: 游客指数
A4: 11 | B4: 上海市徐汇区湖南路街道富民路291号 | C4: A2 商业界面 | D4: B1a 无后退 | E4: B2d 完全开敞 | G4: B3b-ii 招牌 | I4: C2 开间尺度（单个店面或小片连续界面） | J4: D1 公共座椅；D2 行道树；D6 共享单车 | K4: ==IF(TRIM(CLEAN(J4))="","",(IF(ISNUMBER(SEARCH("公共座椅",TRIM(CLEAN(J4)))),2,0)+IF(ISNUMBER(SEARCH("行道树",TRIM(CLEAN(J4)))),1,0)+IF(ISNUMBER(SEARCH("花坛",TRIM(CLEAN(J4)))),0.75,0)+IF(ISNUMBER(SEARCH("电线杆",TRIM(CLEAN(J4)))),0.4,0)+IF(ISNUMBER(SEARCH("路灯",TRIM(CLEAN(J4)))),0.45,0)+IF(ISNUMBER(SEARCH("共享单车",TRIM(CLEAN(J4)))),0.35,0)+IF(ISNUMBER(SEARCH("垃圾桶",TRIM(CLEAN(J4)))),-0.5,0))/(1+LN(1+(LEN(TRIM(CLEAN(J4)))-LEN(SUBSTITUTE(TRIM(CLEAN(J4)),";",""))+1)))) -> 1.978564 | L4: 27.2 | M4: 0 | N4: 106.8 | O4: 零售；文化展示 | P4: 2 | Q4: 5 | R4: 1157 | S4: 0 | T4: 50 | U4: 4 | V4: 3.7 | W4: 4 | X4: 极强连续性，左右均为相同界面风格的时尚大牌服装店 | Z4: 4 | AA4: 3.3 | AB4: 4 | AC4: 有抬升，砖石铺地，石制栏杆围合 | AE4: 树木 | AF4: 20 | AG4: 3.3 | AH4: 4 | AI4: 7 | AJ4: 3 | AK4: 1 | AL4: 6 | AM4: 0 | AN4: 7 | AO4: 0 | AP4: 0 | AQ4: 2 | AR4: 5 | AS4: 0 | AT4: 7 | AU4: 0 | AV4: 0 | AW4: 0 | AX4: 0 | AY4: 0 | AZ4: 0 | BA4: 0 | BB4: 2 | BC4: 7 | BD4: 0 | BE4: 0 | BF4: 0 | BG4: 0 | BH4: 0 | BI4: 0 | BJ4: ==AI4 -> 7 | BK4: ==BJ4/N4 -> 0.065543071 | BL4: ==AL4/AI4 -> 0.85714286 | BM4: ==IF(BJ4=0,0,AM4/BJ4) -> 0 | BN4: ==IF(BJ4=0,0,AN4/BJ4) -> 1 | BO4: ==IF(BJ4=0,0,AO4/BJ4) -> 0 | BP4: ==IF(BJ4=0,0,AP4/BJ4) -> 0 | BQ4: ==-IF(BM4=0,0,BM4*LN(BM4))-IF(BN4=0,0,BN4*LN(BN4))-IF(BO4=0,0,BO4*LN(BO4))-IF(BP4=0,0,BP4*LN(BP4)) -> 0 | BR4: ==IF(BJ4=0,0,BQ4/LN(4)*100) -> 0 | BS4: ==_xlfn.XLOOKUP(B4,点位均值!$A:$A,点位均值!$B:$B,"无匹配") -> 0.65448423 | BT4: ==_xlfn.XLOOKUP(B4,点位均值!$A:$A,点位均值!$C:$C,"无匹配") -> 2.8510257
A5: 35 | B5: 上海市徐汇区湖南路街道武康路98号 | C5: A4 基础设施界面 | D5: B1d 整体后退 | E5: B2a 仅仅墙面 | I5: C1 构件尺度（窗口、洞口、座椅） | J5: D1 公共座椅；D2 行道树 | K5: ==IF(TRIM(CLEAN(J5))="","",(IF(ISNUMBER(SEARCH("公共座椅",TRIM(CLEAN(J5)))),2,0)+IF(ISNUMBER(SEARCH("行道树",TRIM(CLEAN(J5)))),1,0)+IF(ISNUMBER(SEARCH("花坛",TRIM(CLEAN(J5)))),0.75,0)+IF(ISNUMBER(SEARCH("电线杆",TRIM(CLEAN(J5)))),0.4,0)+IF(ISNUMBER(SEARCH("路灯",TRIM(CLEAN(J5)))),0.45,0)+IF(ISNUMBER(SEARCH("共享单车",TRIM(CLEAN(J5)))),0.35,0)+IF(ISNUMBER(SEARCH("垃圾桶",TRIM(CLEAN(J5)))),-0.5,0))/(1+LN(1+(LEN(TRIM(CLEAN(J5)))-LEN(SUBSTITUTE(TRIM(CLEAN(J5)),";",""))+1)))) -> 1.7718483 | L5: 2.5 | M5: 0.5 | N5: 15 | O5: 公共服务 | P5: 1 | Q5: 5 | R5: 50 | S5: 0 | T5: 4 | U5: 5 | V5: 5 | W5: 5 | Z5: 3 | AA5: 1 | AB5: 5 | AE5: 树木 | AF5: 95 | AG5: 2 | AH5: 3 | AI5: 4 | AJ5: 2 | AK5: 0 | AL5: 4 | AM5: 1 | AN5: 2 | AO5: 1 | AP5: 0 | AQ5: 2 | AR5: 2 | AS5: 0 | AT5: 2 | AU5: 2 | AV5: 0 | AW5: 0 | AX5: 0 | AY5: 2 | AZ5: 0 | BA5: 0 | BB5: 0 | BC5: 2 | BD5: 0 | BE5: 0 | BF5: 0 | BG5: 0 | BH5: 1 | BI5: 0 | BJ5: ==AI5 -> 4 | BK5: ==BJ5/N5 -> 0.26666667 | BL5: ==AL5/AI5 -> 1 | BM5: ==IF(BJ5=0,0,AM5/BJ5) -> 0.25 | BN5: ==IF(BJ5=0,0,AN5/BJ5) -> 0.5 | BO5: ==IF(BJ5=0,0,AO5/BJ5) -> 0.25 | BP5: ==IF(BJ5=0,0,AP5/BJ5) -> 0 | BQ5: ==-IF(BM5=0,0,BM5*LN(BM5))-IF(BN5=0,0,BN5*LN(BN5))-IF(BO5=0,0,BO5*LN(BO5))-IF(BP5=0,0,BP5*LN(BP5)) -> 1.0397208 | BR5: ==IF(BJ5=0,0,BQ5/LN(4)*100) -> 75 | BS5: ==_xlfn.XLOOKUP(B5,点位均值!$A:$A,点位均值!$B:$B,"无匹配") -> 1.1358561 | BT5: ==_xlfn.XLOOKUP(B5,点位均值!$A:$A,点位均值!$C:$C,"无匹配") -> 3.1544386
A6: 112 | B6: 上海市徐汇区天平路街道襄阳南路215号 | C6: A2 商业界面 | D6: B1a 无后退 | E6: B2d 完全开敞 | F6: B3a-i 外摆在内侧 | I6: C2 开间尺度（单个店面或小片连续界面） | J6: D1 公共座椅；D4 电线杆；D5 路灯 | K6: ==IF(TRIM(CLEAN(J6))="","",(IF(ISNUMBER(SEARCH("公共座椅",TRIM(CLEAN(J6)))),2,0)+IF(ISNUMBER(SEARCH("行道树",TRIM(CLEAN(J6)))),1,0)+IF(ISNUMBER(SEARCH("花坛",TRIM(CLEAN(J6)))),0.75,0)+IF(ISNUMBER(SEARCH("电线杆",TRIM(CLEAN(J6)))),0.4,0)+IF(ISNUMBER(SEARCH("路灯",TRIM(CLEAN(J6)))),0.45,0)+IF(ISNUMBER(SEARCH("共享单车",TRIM(CLEAN(J6)))),0.35,0)+IF(ISNUMBER(SEARCH("垃圾桶",TRIM(CLEAN(J6)))),-0.5,0))/(1+LN(1+(LEN(TRIM(CLEAN(J6)))-LEN(SUBSTITUTE(TRIM(CLEAN(J6)),";",""))+1)))) -> 1.6832559 | L6: 3.5 | M6: 0 | N6: 20 | O6: 餐饮/饮品 | P6: 1 | Q6: 5 | R6: 109 | S6: 60 | T6: 30 | U6: 3.2 | V6: 3.2 | W6: 3 | X6: 与左侧的店面有极好的连续性，包括装修风格、店面大小都基本一致 | Y6: Image_1788254423307_739.jpg | Z6: 2.6 | AA6: 3 | AB6: 3.4 | AC6: 做了一级踏步抬升 | AD6: Image_1788254423307_739.jpg | AE6: 树木；其他 | AF6: 90 | AG6: 3.8 | AH6: 3.2 | AI6: 1 | AJ6: 1 | AK6: 0 | AL6: 1 | AM6: 0 | AN6: 1 | AO6: 0 | AP6: 0 | AQ6: 0 | AR6: 0 | AS6: 1 | AT6: 1 | AU6: 0 | AV6: 0 | AW6: 1 | AX6: 1 | AY6: 1 | AZ6: 1 | BA6: 0 | BB6: 0 | BC6: 0 | BD6: 0 | BE6: 0 | BF6: 0 | BG6: 0 | BH6: 0 | BI6: 0 | BJ6: ==AI6 -> 1 | BK6: ==BJ6/N6 -> 0.05 | BL6: ==AL6/AI6 -> 1 | BM6: ==IF(BJ6=0,0,AM6/BJ6) -> 0 | BN6: ==IF(BJ6=0,0,AN6/BJ6) -> 1 | BO6: ==IF(BJ6=0,0,AO6/BJ6) -> 0 | BP6: ==IF(BJ6=0,0,AP6/BJ6) -> 0 | BQ6: ==-IF(BM6=0,0,BM6*LN(BM6))-IF(BN6=0,0,BN6*LN(BN6))-IF(BO6=0,0,BO6*LN(BO6))-IF(BP6=0,0,BP6*LN(BP6)) -> 0 | BR6: ==IF(BJ6=0,0,BQ6/LN(4)*100) -> 0 | BS6: ==_xlfn.XLOOKUP(B6,点位均值!$A:$A,点位均值!$B:$B,"无匹配") -> 1.8687345 | BT6: ==_xlfn.XLOOKUP(B6,点位均值!$A:$A,点位均值!$C:$C,"无匹配") -> 8.9660574
A7: 33 | B7: 上海市徐汇区湖南路街道武康路57号 | C7: A4 基础设施界面 | D7: B1c 局部后退 | E7: B2a 仅仅墙面 | I7: C1 构件尺度（窗口、洞口、座椅） | J7: D1 公共座椅；D3 花坛 | K7: ==IF(TRIM(CLEAN(J7))="","",(IF(ISNUMBER(SEARCH("公共座椅",TRIM(CLEAN(J7)))),2,0)+IF(ISNUMBER(SEARCH("行道树",TRIM(CLEAN(J7)))),1,0)+IF(ISNUMBER(SEARCH("花坛",TRIM(CLEAN(J7)))),0.75,0)+IF(ISNUMBER(SEARCH("电线杆",TRIM(CLEAN(J7)))),0.4,0)+IF(ISNUMBER(SEARCH("路灯",TRIM(CLEAN(J7)))),0.45,0)+IF(ISNUMBER(SEARCH("共享单车",TRIM(CLEAN(J7)))),0.35,0)+IF(ISNUMBER(SEARCH("垃圾桶",TRIM(CLEAN(J7)))),-0.5,0))/(1+LN(1+(LEN(TRIM(CLEAN(J7)))-LEN(SUBSTITUTE(TRIM(CLEAN(J7)),";",""))+1)))) -> 1.6241943 | L7: 20 | M7: 2 | N7: 30 | O7: 餐饮/饮品 | P7: 2 | Q7: 4 | R7: 50 | S7: 50 | T7: 30 | U7: 5 | V7: 5 | W7: 5 | X7: / | Z7: 5 | AA7: 1 | AB7: 5 | AC7: / | AE7: 树木；建筑 | AF7: 80 | AG7: 4 | AH7: 4 | AI7: 16 | AJ7: 4 | AK7: 7 | AL7: 9 | AM7: 0 | AN7: 7 | AO7: 7 | AP7: 2 | AQ7: 16 | AR7: 0 | AS7: 0 | AT7: 5 | AU7: 11 | AV7: 6 | AW7: 0 | AX7: 1 | AY7: 9 | AZ7: 0 | BA7: 0 | BB7: 0 | BC7: 0 | BD7: 0 | BE7: 0 | BF7: 0 | BG7: 0 | BH7: 0 | BI7: 0 | BJ7: ==AI7 -> 16 | BK7: ==BJ7/N7 -> 0.53333333 | BL7: ==AL7/AI7 -> 0.5625 | BM7: ==IF(BJ7=0,0,AM7/BJ7) -> 0 | BN7: ==IF(BJ7=0,0,AN7/BJ7) -> 0.4375 | BO7: ==IF(BJ7=0,0,AO7/BJ7) -> 0.4375 | BP7: ==IF(BJ7=0,0,AP7/BJ7) -> 0.125 | BQ7: ==-IF(BM7=0,0,BM7*LN(BM7))-IF(BN7=0,0,BN7*LN(BN7))-IF(BO7=0,0,BO7*LN(BO7))-IF(BP7=0,0,BP7*LN(BP7)) -> 0.98327394 | BR7: ==IF(BJ7=0,0,BQ7/LN(4)*100) -> 70.928222 | BS7: ==_xlfn.XLOOKUP(B7,点位均值!$A:$A,点位均值!$B:$B,"无匹配") -> 0.28270782 | BT7: ==_xlfn.XLOOKUP(B7,点位均值!$A:$A,点位均值!$C:$C,"无匹配") -> 2.6283127
A8: 90 | B8: 上海市徐汇区天平路街道建国西路258号 | C8: A2 商业界面 | D8: B1d 整体后退 | E8: B2b 橱窗 | I8: C4 组团尺度（院落或街区） | J8: D2 行道树；D3 花坛；D4 电线杆 | K8: ==IF(TRIM(CLEAN(J8))="","",(IF(ISNUMBER(SEARCH("公共座椅",TRIM(CLEAN(J8)))),2,0)+IF(ISNUMBER(SEARCH("行道树",TRIM(CLEAN(J8)))),1,0)+IF(ISNUMBER(SEARCH("花坛",TRIM(CLEAN(J8)))),0.75,0)+IF(ISNUMBER(SEARCH("电线杆",TRIM(CLEAN(J8)))),0.5,0)+IF(ISNUMBER(SEARCH("路灯",TRIM(CLEAN(J8)))),0.5,0)+IF(ISNUMBER(SEARCH("共享单车",TRIM(CLEAN(J8)))),0.5,0)+IF(ISNUMBER(SEARCH("垃圾桶",TRIM(CLEAN(J8)))),-0.5,0))/(1+LN(1+(LEN(TRIM(CLEAN(J8)))-LEN(SUBSTITUTE(TRIM(CLEAN(J8)),";",""))+1)))) -> 1.3288862 | L8: 16 | M8: 1.5 | N8: 23 | O8: 餐饮/饮品 | P8: 1 | Q8: 4 | R8: 75 | S8: 70 | T8: 9 | U8: 4 | V8: 3 | W8: 4 | X8: 沿街建筑立面整体连续，老洋房围墙、院门错落排布，少量出入口打断界面 | Z8: 4 | AA8: 5 | AB8: 5 | AC8: 人行道铺地平整 | AE8: 树木；雨棚 | AF8: 70 | AG8: 4 | AH8: 4 | AI8: 2 | AJ8: 0 | AK8: 2 | AL8: 0 | AM8: 0 | AN8: 0 | AO8: 2 | AP8: 0 | AQ8: 2 | AR8: 0 | AS8: 0 | AT8: 0 | AU8: 2 | AV8: 0 | AW8: 0 | AX8: 0 | AY8: 0 | AZ8: 0 | BA8: 0 | BB8: 0 | BC8: 2 | BD8: 0 | BE8: 0 | BF8: 0 | BG8: 0 | BH8: 0 | BI8: 0 | BJ8: ==AI8 -> 2 | BK8: ==BJ8/N8 -> 0.086956522 | BL8: ==AL8/AI8 -> 0 | BM8: ==IF(BJ8=0,0,AM8/BJ8) -> 0 | BN8: ==IF(BJ8=0,0,AN8/BJ8) -> 0 | BO8: ==IF(BJ8=0,0,AO8/BJ8) -> 1 | BP8: ==IF(BJ8=0,0,AP8/BJ8) -> 0 | BQ8: ==-IF(BM8=0,0,BM8*LN(BM8))-IF(BN8=0,0,BN8*LN(BN8))-IF(BO8=0,0,BO8*LN(BO8))-IF(BP8=0,0,BP8*LN(BP8)) -> 0 | BR8: ==IF(BJ8=0,0,BQ8/LN(4)*100) -> 0 | BS8: ==_xlfn.XLOOKUP(B8,点位均值!$A:$A,点位均值!$B:$B,"无匹配") -> 1.2791563 | BT8: ==_xlfn.XLOOKUP(B8,点位均值!$A:$A,点位均值!$C:$C,"无匹配") -> 1.3665796
A9: 43 | B9: 上海市徐汇区湖南路街道武康路378号 | C9: A2 商业界面 | D9: B1d 整体后退 | E9: B2b 橱窗 | F9: B3a-ii 外摆在外侧 | G9: B3c 围栏 | I9: C3 建筑尺度（整栋建筑） | J9: D2 行道树；D4 电线杆；D5 路灯 | K9: ==IF(TRIM(CLEAN(J9))="","",(IF(ISNUMBER(SEARCH("公共座椅",TRIM(CLEAN(J9)))),2,0)+IF(ISNUMBER(SEARCH("行道树",TRIM(CLEAN(J9)))),1,0)+IF(ISNUMBER(SEARCH("花坛",TRIM(CLEAN(J9)))),0.75,0)+IF(ISNUMBER(SEARCH("电线杆",TRIM(CLEAN(J9)))),0.5,0)+IF(ISNUMBER(SEARCH("路灯",TRIM(CLEAN(J9)))),0.5,0)+IF(ISNUMBER(SEARCH("共享单车",TRIM(CLEAN(J9)))),0.5,0)+IF(ISNUMBER(SEARCH("垃圾桶",TRIM(CLEAN(J9)))),-0.5,0))/(1+LN(1+(LEN(TRIM(CLEAN(J9)))-LEN(SUBSTITUTE(TRIM(CLEAN(J9)),";",""))+1)))) -> 1.1812322 | L9: 10 | M9: 46085 | O9: 餐饮/饮品；其他 | P9: 3 | Q9: 5 | U9: 5 | V9: 5 | W9: 4 | Z9: 4 | AA9: 2 | AB9: 4 | AE9: 树木；建筑 | AI9: 11 | AJ9: 2 | AK9: 0 | AL9: 11 | AM9: 0 | AN9: 2 | AO9: 9 | AP9: 0 | AQ9: 9 | AR9: 2 | AS9: 0 | AT9: 11 | AU9: 0 | AV9: 0 | AW9: 0 | AX9: 0 | AY9: 0 | AZ9: 0 | BA9: 0 | BB9: 0 | BC9: 11 | BD9: 0 | BE9: 0 | BF9: 0 | BG9: 0 | BH9: 0 | BI9: 0 | BJ9: ==AI9 -> 11 | BK9: ==BJ9/N9 -> #DIV/0! | BL9: ==AL9/AI9 -> 1 | BM9: ==IF(BJ9=0,0,AM9/BJ9) -> 0 | BN9: ==IF(BJ9=0,0,AN9/BJ9) -> 0.18181818 | BO9: ==IF(BJ9=0,0,AO9/BJ9) -> 0.81818182 | BP9: ==IF(BJ9=0,0,AP9/BJ9) -> 0 | BQ9: ==-IF(BM9=0,0,BM9*LN(BM9))-IF(BN9=0,0,BN9*LN(BN9))-IF(BO9=0,0,BO9*LN(BO9))-IF(BP9=0,0,BP9*LN(BP9)) -> 0.47413931 | BR9: ==IF(BJ9=0,0,BQ9/LN(4)*100) -> 34.201922 | BS9: ==_xlfn.XLOOKUP(B9,点位均值!$A:$A,点位均值!$B:$B,"无匹配") -> 1.1451613 | BT9: ==_xlfn.XLOOKUP(B9,点位均值!$A:$A,点位均值!$C:$C,"无匹配") -> 1.5075718
A10: 132 | B10: 上海市徐汇区天平路街道永康路43号 | C10: A2 商业界面 | D10: B1a 无后退 | E10: B2b 橱窗 | F10: B3a-ii 外摆在外侧 | G10: B3b-i 雨棚 | I10: C2 开间尺度（单个店面或小片连续界面） | J10: D1 公共座椅 | K10: ==IF(TRIM(CLEAN(J10))="","",(IF(ISNUMBER(SEARCH("公共座椅",TRIM(CLEAN(J10)))),2,0)+IF(ISNUMBER(SEARCH("行道树",TRIM(CLEAN(J10)))),1,0)+IF(ISNUMBER(SEARCH("花坛",TRIM(CLEAN(J10)))),0.75,0)+IF(ISNUMBER(SEARCH("电线杆",TRIM(CLEAN(J10)))),0.4,0)+IF(ISNUMBER(SEARCH("路灯",TRIM(CLEAN(J10)))),0.45,0)+IF(ISNUMBER(SEARCH("共享单车",TRIM(CLEAN(J10)))),0.35,0)+IF(ISNUMBER(SEARCH("垃圾桶",TRIM(CLEAN(J10)))),-0.5,0))/(1+LN(1+(LEN(TRIM(CLEAN(J10)))-LEN(SUBSTITUTE(TRIM(CLEAN(J10)),";",""))+1)))) -> 1.1812322 | L10: 15 | M10: 0.5 | N10: 10 | O10: 餐饮/饮品；文化展示 | P10: 2 | Q10: 5 | R10: 41 | S10: 80 | T10: 10 | U10: 4 | V10: 4 | W10: 5 | X10: 与两侧建筑连续性很好 | Y10: IMG_20260825_114013.jpg | Z10: 5 | AA10: 4 | AB10: 5 | AC10: 做了很小的一级踏步抬升 | AD10: IMG_20260825_114013.jpg | AE10: 建筑 | AF10: 50 | AG10: 4 | AH10: 4 | AI10: 8 | AJ10: 0 | AK10: 8 | AL10: 0 | AM10: 0 | AN10: 8 | AO10: 0 | AP10: 0 | AQ10: 1 | AR10: 7 | AS10: 0 | AT10: 0 | AU10: 8 | AV10: 0 | AW10: 4 | AX10: 0 | AY10: 8 | AZ10: 0 | BA10: 0 | BB10: 0 | BC10: 0 | BD10: 0 | BE10: 0 | BF10: 0 | BG10: 0 | BH10: 0 | BI10: 0 | BJ10: ==AI10 -> 8 | BK10: ==BJ10/N10 -> 0.8 | BL10: ==AL10/AI10 -> 0 | BM10: ==IF(BJ10=0,0,AM10/BJ10) -> 0 | BN10: ==IF(BJ10=0,0,AN10/BJ10) -> 1 | BO10: ==IF(BJ10=0,0,AO10/BJ10) -> 0 | BP10: ==IF(BJ10=0,0,AP10/BJ10) -> 0 | BQ10: ==-IF(BM10=0,0,BM10*LN(BM10))-IF(BN10=0,0,BN10*LN(BN10))-IF(BO10=0,0,BO10*LN(BO10))-IF(BP10=0,0,BP10*LN(BP10)) -> 0 | BR10: ==IF(BJ10=0,0,BQ10/LN(4)*100) -> 0 | BS10: ==_xlfn.XLOOKUP(B10,点位均值!$A:$A,点位均值!$B:$B,"无匹配") -> 0.34565757 | BT10: ==_xlfn.XLOOKUP(B10,点位均值!$A:$A,点位均值!$C:$C,"无匹配") -> 5.0370757
A11: 10 | B11: 上海市徐汇区湖南路街道汾阳路64弄2号 | C11: A2 商业界面 | D11: B1a 无后退 | E11: B2b 橱窗 | F11: B3a-ii 外摆在外侧 | I11: C2 开间尺度（单个店面或小片连续界面） | J11: D2 行道树；D4 电线杆；D5 路灯 | K11: ==IF(TRIM(CLEAN(J11))="","",(IF(ISNUMBER(SEARCH("公共座椅",TRIM(CLEAN(J11)))),2,0)+IF(ISNUMBER(SEARCH("行道树",TRIM(CLEAN(J11)))),1,0)+IF(ISNUMBER(SEARCH("花坛",TRIM(CLEAN(J11)))),0.75,0)+IF(ISNUMBER(SEARCH("电线杆",TRIM(CLEAN(J11)))),0.4,0)+IF(ISNUMBER(SEARCH("路灯",TRIM(CLEAN(J11)))),0.45,0)+IF(ISNUMBER(SEARCH("共享单车",TRIM(CLEAN(J11)))),0.35,0)+IF(ISNUMBER(SEARCH("垃圾桶",TRIM(CLEAN(J11)))),-0.5,0))/(1+LN(1+(LEN(TRIM(CLEAN(J11)))-LEN(SUBSTITUTE(TRIM(CLEAN(J11)),";",""))+1)))) -> 1.0926398 | L11: 21 | M11: 0 | N11: 24 | O11: 餐饮/饮品 | P11: 2 | Q11: 3 | R11: 118 | S11: 100 | T11: 20 | U11: 1 | V11: 3 | W11: 3 | X11: 独立独栋建筑 | Z11: 4 | AA11: 4 | AB11: 5 | AC11: 无特殊处理 | AE11: 树木；建筑 | AF11: 60 | AG11: 4 | AH11: 4 | AI11: 4 | AJ11: 4 | AK11: 0 | AL11: 4 | AM11: 1 | AN11: 0 | AO11: 1 | AP11: 2 | AQ11: 1 | AR11: 3 | AS11: 0 | AT11: 2 | AU11: 2 | AV11: 0 | AW11: 0 | AX11: 2 | AY11: 0 | AZ11: 2 | BA11: 0 | BB11: 0 | BC11: 2 | BD11: 0 | BE11: 0 | BF11: 0 | BG11: 0 | BH11: 0 | BI11: 0 | BJ11: ==AI11 -> 4 | BK11: ==BJ11/N11 -> 0.16666667 | BL11: ==AL11/AI11 -> 1 | BM11: ==IF(BJ11=0,0,AM11/BJ11) -> 0.25 | BN11: ==IF(BJ11=0,0,AN11/BJ11) -> 0 | BO11: ==IF(BJ11=0,0,AO11/BJ11) -> 0.25 | BP11: ==IF(BJ11=0,0,AP11/BJ11) -> 0.5 | BQ11: ==-IF(BM11=0,0,BM11*LN(BM11))-IF(BN11=0,0,BN11*LN(BN11))-IF(BO11=0,0,BO11*LN(BO11))-IF(BP11=0,0,BP11*LN(BP11)) -> 1.0397208 | BR11: ==IF(BJ11=0,0,BQ11/LN(4)*100) -> 75 | BS11: ==_xlfn.XLOOKUP(B11,点位均值!$A:$A,点位均值!$B:$B,"无匹配") -> 3.8462779 | BT11: ==_xlfn.XLOOKUP(B11,点位均值!$A:$A,点位均值!$C:$C,"无匹配") -> 1.2244125
A12: 49 | B12: 上海市徐汇区湖南路街道新乐路144号 | C12: A2 商业界面 | D12: B1b 区域后退 | E12: B2c 墙面开洞 | I12: C2 开间尺度（单个店面或小片连续界面） | J12: D2 行道树；D4 电线杆；D5 路灯 | K12: ==IF(TRIM(CLEAN(J12))="","",(IF(ISNUMBER(SEARCH("公共座椅",TRIM(CLEAN(J12)))),2,0)+IF(ISNUMBER(SEARCH("行道树",TRIM(CLEAN(J12)))),1,0)+IF(ISNUMBER(SEARCH("花坛",TRIM(CLEAN(J12)))),0.75,0)+IF(ISNUMBER(SEARCH("电线杆",TRIM(CLEAN(J12)))),0.4,0)+IF(ISNUMBER(SEARCH("路灯",TRIM(CLEAN(J12)))),0.45,0)+IF(ISNUMBER(SEARCH("共享单车",TRIM(CLEAN(J12)))),0.35,0)+IF(ISNUMBER(SEARCH("垃圾桶",TRIM(CLEAN(J12)))),-0.5,0))/(1+LN(1+(LEN(TRIM(CLEAN(J12)))-LEN(SUBSTITUTE(TRIM(CLEAN(J12)),";",""))+1)))) -> 1.0926398 | L12: 3.5 | M12: 0 | N12: 4.3 | O12: 零售 | P12: 1 | Q12: 4 | R12: 500 | S12: 0 | T12: 0 | U12: 5 | V12: 4 | W12: 4 | X12: 不连续，左侧断开（小区出入口） | Y12: photo (4).jpg | Z12: 5 | AA12: 4 | AB12: 5 | AC12: 停留拍照打卡为主；铺地变化；平地；开敞 | AD12: photo (4).jpg | AE12: 树木 | AF12: 60 | AG12: 4 | AH12: 5 | AI12: 10 | AJ12: 5 | AK12: 0 | AL12: 10 | AM12: 0 | AN12: 10 | AO12: 0 | AP12: 0 | AQ12: 3 | AR12: 7 | AS12: 0 | AT12: 0 | AU12: 10 | AV12: 8 | AW12: 0 | AX12: 0 | AY12: 10 | AZ12: 2 | BA12: 0 | BB12: 0 | BC12: 0 | BD12: 0 | BE12: 0 | BF12: 0 | BG12: 0 | BH12: 0 | BI12: 0 | BJ12: ==AI12 -> 10 | BK12: ==BJ12/N12 -> 2.3255814 | BL12: ==AL12/AI12 -> 1 | BM12: ==IF(BJ12=0,0,AM12/BJ12) -> 0 | BN12: ==IF(BJ12=0,0,AN12/BJ12) -> 1 | BO12: ==IF(BJ12=0,0,AO12/BJ12) -> 0 | BP12: ==IF(BJ12=0,0,AP12/BJ12) -> 0 | BQ12: ==-IF(BM12=0,0,BM12*LN(BM12))-IF(BN12=0,0,BN12*LN(BN12))-IF(BO12=0,0,BO12*LN(BO12))-IF(BP12=0,0,BP12*LN(BP12)) -> 0 | BR12: ==IF(BJ12=0,0,BQ12/LN(4)*100) -> 0 | BS12: ==_xlfn.XLOOKUP(B12,点位均值!$A:$A,点位均值!$B:$B,"无匹配") -> 0.41444169 | BT12: ==_xlfn.XLOOKUP(B12,点位均值!$A:$A,点位均值!$C:$C,"无匹配") -> 6.8154569
A13: 50 | B13: 上海市徐汇区湖南路街道新乐路158号 | C13: A2 商业界面 | D13: B1b 区域后退 | E13: B2d 完全开敞 | I13: C2 开间尺度（单个店面或小片连续界面） | J13: D2 行道树；D4 电线杆；D5 路灯 | K13: ==IF(TRIM(CLEAN(J13))="","",(IF(ISNUMBER(SEARCH("公共座椅",TRIM(CLEAN(J13)))),2,0)+IF(ISNUMBER(SEARCH("行道树",TRIM(CLEAN(J13)))),1,0)+IF(ISNUMBER(SEARCH("花坛",TRIM(CLEAN(J13)))),0.75,0)+IF(ISNUMBER(SEARCH("电线杆",TRIM(CLEAN(J13)))),0.4,0)+IF(ISNUMBER(SEARCH("路灯",TRIM(CLEAN(J13)))),0.45,0)+IF(ISNUMBER(SEARCH("共享单车",TRIM(CLEAN(J13)))),0.35,0)+IF(ISNUMBER(SEARCH("垃圾桶",TRIM(CLEAN(J13)))),-0.5,0))/(1+LN(1+(LEN(TRIM(CLEAN(J13)))-LEN(SUBSTITUTE(TRIM(CLEAN(J13)),";",""))+1)))) -> 1.0926398 | L13: 16.4 | M13: 1.5 | N13: 47.4 | O13: 零售 | P13: 1 | Q13: 1 | S13: 0 | T13: 6 | U13: 3 | V13: 4 | W13: 4 | X13: 连续 | Y13: photo (5).jpg | Z13: 3 | AA13: 1 | AB13: 5 | AC13: 通行与停留并存；铺地统一；有明显高差（台阶）；开敞 | AD13: photo (5).jpg | AE13: 树木；建筑 | AF13: 30 | AG13: 4 | AH13: 3 | AI13: 6 | AJ13: 2 | AK13: 2 | AL13: 4 | AM13: 0 | AN13: 5 | AO13: 1 | AP13: 0 | AQ13: 1 | AR13: 4 | AS13: 1 | AT13: 6 | AU13: 0 | AV13: 0 | AW13: 0 | AX13: 0 | AY13: 0 | AZ13: 0 | BA13: 0 | BB13: 0 | BC13: 6 | BD13: 4 | BE13: 0 | BF13: 0 | BG13: 0 | BH13: 0 | BI13: 0 | BJ13: ==AI13 -> 6 | BK13: ==BJ13/N13 -> 0.12658228 | BL13: ==AL13/AI13 -> 0.66666667 | BM13: ==IF(BJ13=0,0,AM13/BJ13) -> 0 | BN13: ==IF(BJ13=0,0,AN13/BJ13) -> 0.83333333 | BO13: ==IF(BJ13=0,0,AO13/BJ13) -> 0.16666667 | BP13: ==IF(BJ13=0,0,AP13/BJ13) -> 0 | BQ13: ==-IF(BM13=0,0,BM13*LN(BM13))-IF(BN13=0,0,BN13*LN(BN13))-IF(BO13=0,0,BO13*LN(BO13))-IF(BP13=0,0,BP13*LN(BP13)) -> 0.45056121 | BR13: ==IF(BJ13=0,0,BQ13/LN(4)*100) -> 32.501121 | BS13: ==_xlfn.XLOOKUP(B13,点位均值!$A:$A,点位均值!$B:$B,"无匹配") -> 0.99255583 | BT13: ==_xlfn.XLOOKUP(B13,点位均值!$A:$A,点位均值!$C:$C,"无匹配") -> 3.3913838
A14: 65 | B14: 上海市静安区南京西路街道巨鹿路691号 | C14: A2 商业界面 | D14: B1a 无后退 | E14: B2d 完全开敞 | F14: B3a-i 外摆在内侧 | I14: C2 开间尺度（单个店面或小片连续界面） | J14: D2 行道树；D4 电线杆；D5 路灯 | K14: ==IF(TRIM(CLEAN(J14))="","",(IF(ISNUMBER(SEARCH("公共座椅",TRIM(CLEAN(J14)))),2,0)+IF(ISNUMBER(SEARCH("行道树",TRIM(CLEAN(J14)))),1,0)+IF(ISNUMBER(SEARCH("花坛",TRIM(CLEAN(J14)))),0.75,0)+IF(ISNUMBER(SEARCH("电线杆",TRIM(CLEAN(J14)))),0.4,0)+IF(ISNUMBER(SEARCH("路灯",TRIM(CLEAN(J14)))),0.45,0)+IF(ISNUMBER(SEARCH("共享单车",TRIM(CLEAN(J14)))),0.35,0)+IF(ISNUMBER(SEARCH("垃圾桶",TRIM(CLEAN(J14)))),-0.5,0))/(1+LN(1+(LEN(TRIM(CLEAN(J14)))-LEN(SUBSTITUTE(TRIM(CLEAN(J14)),";",""))+1)))) -> 1.0926398 | L14: 23 | M14: 0 | N14: 73 | O14: 餐饮/饮品 | P14: 2 | Q14: 5 | R14: 100 | S14: 70 | T14: 4 | U14: 3 | V14: 4 | W14: 4 | X14: 界面不连续，入口等有退让 | Y14: IMG_5844.jpg | Z14: 3 | AA14: 4 | AB14: 4 | AC14: 外摆座椅停留，无特殊铺地、抬升、围合 | AD14: IMG_5844.jpg | AE14: 树木；雨棚 | AF14: 80 | AG14: 3 | AH14: 3 | AI14: 3 | AJ14: 1 | AK14: 1 | AL14: 2 | AM14: 1 | AN14: 0 | AO14: 2 | AP14: 0 | AQ14: 1 | AR14: 2 | AS14: 0 | AT14: 3 | AU14: 0 | AV14: 0 | AW14: 0 | AX14: 0 | AY14: 0 | AZ14: 2 | BA14: 0 | BB14: 0 | BC14: 3 | BD14: 0 | BE14: 0 | BF14: 0 | BG14: 0 | BH14: 0 | BI14: 0 | BJ14: ==AI14 -> 3 | BK14: ==BJ14/N14 -> 0.04109589 | BL14: ==AL14/AI14 -> 0.66666667 | BM14: ==IF(BJ14=0,0,AM14/BJ14) -> 0.33333333 | BN14: ==IF(BJ14=0,0,AN14/BJ14) -> 0 | BO14: ==IF(BJ14=0,0,AO14/BJ14) -> 0.66666667 | BP14: ==IF(BJ14=0,0,AP14/BJ14) -> 0 | BQ14: ==-IF(BM14=0,0,BM14*LN(BM14))-IF(BN14=0,0,BN14*LN(BN14))-IF(BO14=0,0,BO14*LN(BO14))-IF(BP14=0,0,BP14*LN(BP14)) -> 0.63651417 | BR14: ==IF(BJ14=0,0,BQ14/LN(4)*100) -> 45.914792 | BS14: ==_xlfn.XLOOKUP(B14,点位均值!$A:$A,点位均值!$B:$B,"无匹配") -> 3.6538462 | BT14: ==_xlfn.XLOOKUP(B14,点位均值!$A:$A,点位均值!$C:$C,"无匹配") -> 2.3143603
A15: 101 | B15: 上海市徐汇区天平路街道太原路76号 | C15: A2 商业界面 | D15: B1a 无后退 | E15: B2b 橱窗 | F15: B3a-i 外摆在内侧 | I15: C3 建筑尺度（整栋建筑） | J15: D2 行道树；D4 电线杆；D5 路灯 | K15: ==IF(TRIM(CLEAN(J15))="","",(IF(ISNUMBER(SEARCH("公共座椅",TRIM(CLEAN(J15)))),2,0)+IF(ISNUMBER(SEARCH("行道树",TRIM(CLEAN(J15)))),1,0)+IF(ISNUMBER(SEARCH("花坛",TRIM(CLEAN(J15)))),0.75,0)+IF(ISNUMBER(SEARCH("电线杆",TRIM(CLEAN(J15)))),0.4,0)+IF(ISNUMBER(SEARCH("路灯",TRIM(CLEAN(J15)))),0.45,0)+IF(ISNUMBER(SEARCH("共享单车",TRIM(CLEAN(J15)))),0.35,0)+IF(ISNUMBER(SEARCH("垃圾桶",TRIM(CLEAN(J15)))),-0.5,0))/(1+LN(1+(LEN(TRIM(CLEAN(J15)))-LEN(SUBSTITUTE(TRIM(CLEAN(J15)),";",""))+1)))) -> 1.0926398 | L15: 24 | M15: 0 | N15: 48 | O15: 零售 | P15: 3 | Q15: 4 | R15: 15 | S15: 40 | T15: 15 | U15: 3.5 | V15: 4 | W15: 3.5 | X15: 处于街角，风格一致 | Z15: 3 | AA15: 3 | AB15: 3.5 | AC15: 人行道平整，铺地无变化 | AE15: 树木 | AF15: 40 | AG15: 2.5 | AH15: 2.5 | AI15: 12 | AJ15: 3 | AK15: 4 | AL15: 8 | AM15: 1 | AN15: 9 | AO15: 1 | AP15: 1 | AQ15: 6 | AR15: 6 | AS15: 0 | AT15: 1 | AU15: 11 | AV15: 0 | AW15: 2 | AX15: 0 | AY15: 9 | AZ15: 0 | BA15: 0 | BB15: 1 | BC15: 0 | BD15: 0 | BE15: 0 | BF15: 0 | BG15: 0 | BH15: 0 | BI15: 0 | BJ15: ==AI15 -> 12 | BK15: ==BJ15/N15 -> 0.25 | BL15: ==AL15/AI15 -> 0.66666667 | BM15: ==IF(BJ15=0,0,AM15/BJ15) -> 0.083333333 | BN15: ==IF(BJ15=0,0,AN15/BJ15) -> 0.75 | BO15: ==IF(BJ15=0,0,AO15/BJ15) -> 0.083333333 | BP15: ==IF(BJ15=0,0,AP15/BJ15) -> 0.083333333 | BQ15: ==-IF(BM15=0,0,BM15*LN(BM15))-IF(BN15=0,0,BN15*LN(BN15))-IF(BO15=0,0,BO15*LN(BO15))-IF(BP15=0,0,BP15*LN(BP15)) -> 0.83698822 | BR15: ==IF(BJ15=0,0,BQ15/LN(4)*100) -> 60.375937 | BS15: ==_xlfn.XLOOKUP(B15,点位均值!$A:$A,点位均值!$B:$B,"无匹配") -> 0.23920596 | BT15: ==_xlfn.XLOOKUP(B15,点位均值!$A:$A,点位均值!$C:$C,"无匹配") -> 3.2449086
A16: 124 | B16: 上海市徐汇区天平路街道襄阳南路391号 | C16: A2 商业界面 | D16: B1c 局部后退 | E16: B2b 橱窗 | F16: B3a-ii 外摆在外侧 | G16: B3b-i 雨棚 | I16: C2 开间尺度（单个店面或小片连续界面） | J16: D2 行道树；D5 路灯；D6 共享单车 | K16: ==IF(TRIM(CLEAN(J16))="","",(IF(ISNUMBER(SEARCH("公共座椅",TRIM(CLEAN(J16)))),2,0)+IF(ISNUMBER(SEARCH("行道树",TRIM(CLEAN(J16)))),1,0)+IF(ISNUMBER(SEARCH("花坛",TRIM(CLEAN(J16)))),0.75,0)+IF(ISNUMBER(SEARCH("电线杆",TRIM(CLEAN(J16)))),0.4,0)+IF(ISNUMBER(SEARCH("路灯",TRIM(CLEAN(J16)))),0.45,0)+IF(ISNUMBER(SEARCH("共享单车",TRIM(CLEAN(J16)))),0.35,0)+IF(ISNUMBER(SEARCH("垃圾桶",TRIM(CLEAN(J16)))),-0.5,0))/(1+LN(1+(LEN(TRIM(CLEAN(J16)))-LEN(SUBSTITUTE(TRIM(CLEAN(J16)),";",""))+1)))) -> 1.063109 | L16: 5 | M16: 0.5 | N16: 2.5 | O16: 餐饮/饮品；零售 | P16: 1 | Q16: 3 | R16: 142 | S16: 100 | T16: 2 | U16: 3.8 | V16: 3.6 | W16: 3.4 | X16: 独立建筑，连续性一般 | Y16: IMG_20260901_171615.jpg | Z16: 3.6 | AA16: 3.8 | AB16: 3.4 | AC16: 一级踏步抬升 | AD16: IMG_20260901_171622.jpg | AE16: 树木；雨棚 | AF16: 80 | AG16: 3.8 | AH16: 3.6 | AI16: 12 | AJ16: 3 | AK16: 4 | AL16: 8 | AM16: 0 | AN16: 6 | AO16: 3 | AP16: 3 | AQ16: 10 | AR16: 2 | AS16: 0 | AT16: 6 | AU16: 6 | AV16: 1 | AW16: 0 | AX16: 1 | AY16: 0 | AZ16: 5 | BA16: 0 | BB16: 0 | BC16: 5 | BD16: 0 | BE16: 3 | BF16: 0 | BG16: 1 | BH16: 0 | BI16: 0 | BJ16: ==AI16 -> 12 | BK16: ==BJ16/N16 -> 4.8 | BL16: ==AL16/AI16 -> 0.66666667 | BM16: ==IF(BJ16=0,0,AM16/BJ16) -> 0 | BN16: ==IF(BJ16=0,0,AN16/BJ16) -> 0.5 | BO16: ==IF(BJ16=0,0,AO16/BJ16) -> 0.25 | BP16: ==IF(BJ16=0,0,AP16/BJ16) -> 0.25 | BQ16: ==-IF(BM16=0,0,BM16*LN(BM16))-IF(BN16=0,0,BN16*LN(BN16))-IF(BO16=0,0,BO16*LN(BO16))-IF(BP16=0,0,BP16*LN(BP16)) -> 1.0397208 | BR16: ==IF(BJ16=0,0,BQ16/LN(4)*100) -> 75 | BS16: ==_xlfn.XLOOKUP(B16,点位均值!$A:$A,点位均值!$B:$B,"无匹配") -> 2.1655707 | BT16: ==_xlfn.XLOOKUP(B16,点位均值!$A:$A,点位均值!$C:$C,"无匹配") -> 1.7607702
A17: 2 | B17: 上海市徐汇区湖南路街道安福路166号 | C17: A2 商业界面 | D17: B1a 无后退 | E17: B2b 橱窗 | F17: B3a-ii 外摆在外侧 | G17: B3b-ii 招牌；B3b-iii 大雨棚 | I17: C3 建筑尺度（整栋建筑） | J17: D2 行道树；D3 花坛 | K17: ==IF(TRIM(CLEAN(J17))="","",(IF(ISNUMBER(SEARCH("公共座椅",TRIM(CLEAN(J17)))),2,0)+IF(ISNUMBER(SEARCH("行道树",TRIM(CLEAN(J17)))),1,0)+IF(ISNUMBER(SEARCH("花坛",TRIM(CLEAN(J17)))),0.75,0)+IF(ISNUMBER(SEARCH("电线杆",TRIM(CLEAN(J17)))),0.4,0)+IF(ISNUMBER(SEARCH("路灯",TRIM(CLEAN(J17)))),0.45,0)+IF(ISNUMBER(SEARCH("共享单车",TRIM(CLEAN(J17)))),0.35,0)+IF(ISNUMBER(SEARCH("垃圾桶",TRIM(CLEAN(J17)))),-0.5,0))/(1+LN(1+(LEN(TRIM(CLEAN(J17)))-LEN(SUBSTITUTE(TRIM(CLEAN(J17)),";",""))+1)))) -> 1.0335782 | L17: 20 | M17: 5 | N17: 100 | O17: 餐饮/饮品 | P17: 1 | Q17: 4 | R17: 120 | S17: 80 | T17: 50 | U17: 5 | V17: 5 | W17: 4 | X17: 界面连续性好 | Y17: 164.jpg | Z17: 5 | AA17: 2 | AB17: 4 | AC17: 餐厅门口有围合 | AD17: 164.jpg | AE17: 树木；建筑；雨棚 | AF17: 70 | AG17: 4 | AH17: 5 | AI17: 5 | AJ17: 2 | AK17: 1 | AL17: 4 | AM17: 0 | AN17: 4 | AO17: 1 | AP17: 0 | AQ17: 2 | AR17: 3 | AS17: 0 | AT17: 5 | AU17: 0 | AV17: 3 | AW17: 2 | AX17: 0 | AY17: 2 | AZ17: 0 | BA17: 0 | BB17: 0 | BC17: 3 | BD17: 0 | BE17: 0 | BF17: 0 | BG17: 0 | BH17: 0 | BI17: 0 | BJ17: ==AI17 -> 5 | BK17: ==BJ17/N17 -> 0.05 | BL17: ==AL17/AI17 -> 0.8 | BM17: ==IF(BJ17=0,0,AM17/BJ17) -> 0 | BN17: ==IF(BJ17=0,0,AN17/BJ17) -> 0.8 | BO17: ==IF(BJ17=0,0,AO17/BJ17) -> 0.2 | BP17: ==IF(BJ17=0,0,AP17/BJ17) -> 0 | BQ17: ==-IF(BM17=0,0,BM17*LN(BM17))-IF(BN17=0,0,BN17*LN(BN17))-IF(BO17=0,0,BO17*LN(BO17))-IF(BP17=0,0,BP17*LN(BP17)) -> 0.50040242 | BR17: ==IF(BJ17=0,0,BQ17/LN(4)*100) -> 36.096405 | BS17: ==_xlfn.XLOOKUP(B17,点位均值!$A:$A,点位均值!$B:$B,"无匹配") -> 0.88610422 | BT17: ==_xlfn.XLOOKUP(B17,点位均值!$A:$A,点位均值!$C:$C,"无匹配") -> 5.2955614
A18: 6 | B18: 上海市徐汇区湖南路街道安福路290号 | C18: A3 公共机构界面 | D18: B1d 整体后退 | E18: B2d 完全开敞 | G18: B3b-iii 大雨棚 | I18: C3 建筑尺度（整栋建筑） | J18: D2 行道树；D3 花坛 | K18: ==IF(TRIM(CLEAN(J18))="","",(IF(ISNUMBER(SEARCH("公共座椅",TRIM(CLEAN(J18)))),2,0)+IF(ISNUMBER(SEARCH("行道树",TRIM(CLEAN(J18)))),1,0)+IF(ISNUMBER(SEARCH("花坛",TRIM(CLEAN(J18)))),0.75,0)+IF(ISNUMBER(SEARCH("电线杆",TRIM(CLEAN(J18)))),0.4,0)+IF(ISNUMBER(SEARCH("路灯",TRIM(CLEAN(J18)))),0.45,0)+IF(ISNUMBER(SEARCH("共享单车",TRIM(CLEAN(J18)))),0.35,0)+IF(ISNUMBER(SEARCH("垃圾桶",TRIM(CLEAN(J18)))),-0.5,0))/(1+LN(1+(LEN(TRIM(CLEAN(J18)))-LEN(SUBSTITUTE(TRIM(CLEAN(J18)),";",""))+1)))) -> 1.0335782 | L18: 50 | M18: 5 | N18: 100 | O18: 文化展示 | P18: 1 | Q18: 4 | U18: 4 | V18: 4 | W18: 3 | Z18: 2 | AA18: 4 | AB18: 5 | AE18: 树木；雨棚 | AF18: 80 | AG18: 4 | AH18: 3 | AI18: 11 | AJ18: 4 | AK18: 2 | AL18: 9 | AM18: 0 | AN18: 11 | AO18: 0 | AP18: 0 | AQ18: 4 | AR18: 7 | AS18: 0 | AT18: 9 | AU18: 2 | AV18: 3 | AW18: 0 | AX18: 0 | AY18: 0 | AZ18: 1 | BA18: 0 | BB18: 0 | BC18: 11 | BD18: 0 | BE18: 0 | BF18: 0 | BG18: 0 | BH18: 1 | BI18: 0 | BJ18: ==AI18 -> 11 | BK18: ==BJ18/N18 -> 0.11 | BL18: ==AL18/AI18 -> 0.81818182 | BM18: ==IF(BJ18=0,0,AM18/BJ18) -> 0 | BN18: ==IF(BJ18=0,0,AN18/BJ18) -> 1 | BO18: ==IF(BJ18=0,0,AO18/BJ18) -> 0 | BP18: ==IF(BJ18=0,0,AP18/BJ18) -> 0 | BQ18: ==-IF(BM18=0,0,BM18*LN(BM18))-IF(BN18=0,0,BN18*LN(BN18))-IF(BO18=0,0,BO18*LN(BO18))-IF(BP18=0,0,BP18*LN(BP18)) -> 0 | BR18: ==IF(BJ18=0,0,BQ18/LN(4)*100) -> 0 | BS18: ==_xlfn.XLOOKUP(B18,点位均值!$A:$A,点位均值!$B:$B,"无匹配") -> 0.75210918 | BT18: ==_xlfn.XLOOKUP(B18,点位均值!$A:$A,点位均值!$C:$C,"无匹配") -> 3.1383812
A19: 68 | B19: 上海市静安区南京西路街道巨鹿路845弄10号 | C19: A2 商业界面 | D19: B1b 区域后退 | E19: B2d 完全开敞 | I19: C2 开间尺度（单个店面或小片连续界面） | J19: D2 行道树；D4 电线杆；D6 共享单车 | K19: ==IF(TRIM(CLEAN(J19))="","",(IF(ISNUMBER(SEARCH("公共座椅",TRIM(CLEAN(J19)))),2,0)+IF(ISNUMBER(SEARCH("行道树",TRIM(CLEAN(J19)))),1,0)+IF(ISNUMBER(SEARCH("花坛",TRIM(CLEAN(J19)))),0.75,0)+IF(ISNUMBER(SEARCH("电线杆",TRIM(CLEAN(J19)))),0.4,0)+IF(ISNUMBER(SEARCH("路灯",TRIM(CLEAN(J19)))),0.45,0)+IF(ISNUMBER(SEARCH("共享单车",TRIM(CLEAN(J19)))),0.35,0)+IF(ISNUMBER(SEARCH("垃圾桶",TRIM(CLEAN(J19)))),-0.5,0))/(1+LN(1+(LEN(TRIM(CLEAN(J19)))-LEN(SUBSTITUTE(TRIM(CLEAN(J19)),";",""))+1)))) -> 1.0335782 | L19: 16.35 | M19: 1 | N19: 51.2 | O19: 零售；生活服务 | P19: 2 | Q19: 4 | R19: 15783 | S19: 0 | T19: 0 | U19: 4 | V19: 3 | W19: 4 | X19: 界面连续，均为店铺 | Y19: 736.jpg | Z19: 4 | AA19: 4 | AB19: 3 | AC19: 无座椅停留，但入口空间退让抬升可供站立停留 | AD19: 736.jpg | AE19: 树木；建筑 | AF19: 80 | AG19: 3 | AH19: 4 | AI19: 3 | AJ19: 1 | AK19: 0 | AL19: 3 | AM19: 0 | AN19: 3 | AO19: 0 | AP19: 0 | AQ19: 1 | AR19: 2 | AS19: 0 | AT19: 0 | AU19: 3 | AV19: 0 | AW19: 0 | AX19: 0 | AY19: 3 | AZ19: 0 | BA19: 0 | BB19: 0 | BC19: 0 | BD19: 0 | BE19: 0 | BF19: 0 | BG19: 0 | BH19: 0 | BI19: 0 | BJ19: ==AI19 -> 3 | BK19: ==BJ19/N19 -> 0.05859375 | BL19: ==AL19/AI19 -> 1 | BM19: ==IF(BJ19=0,0,AM19/BJ19) -> 0 | BN19: ==IF(BJ19=0,0,AN19/BJ19) -> 1 | BO19: ==IF(BJ19=0,0,AO19/BJ19) -> 0 | BP19: ==IF(BJ19=0,0,AP19/BJ19) -> 0 | BQ19: ==-IF(BM19=0,0,BM19*LN(BM19))-IF(BN19=0,0,BN19*LN(BN19))-IF(BO19=0,0,BO19*LN(BO19))-IF(BP19=0,0,BP19*LN(BP19)) -> 0 | BR19: ==IF(BJ19=0,0,BQ19/LN(4)*100) -> 0 | BS19: ==_xlfn.XLOOKUP(B19,点位均值!$A:$A,点位均值!$B:$B,"无匹配") -> 0.1 | BT19: ==_xlfn.XLOOKUP(B19,点位均值!$A:$A,点位均值!$C:$C,"无匹配") -> 4.0031332
A20: 125 | B20: 上海市徐汇区天平路街道襄阳南路414号 | C20: A2 商业界面 | D20: B1d 整体后退 | E20: B2b 橱窗 | F20: B3a-ii 外摆在外侧 | I20: C3 建筑尺度（整栋建筑） | J20: D2 行道树；D3 花坛 | K20: ==IF(TRIM(CLEAN(J20))="","",(IF(ISNUMBER(SEARCH("公共座椅",TRIM(CLEAN(J20)))),2,0)+IF(ISNUMBER(SEARCH("行道树",TRIM(CLEAN(J20)))),1,0)+IF(ISNUMBER(SEARCH("花坛",TRIM(CLEAN(J20)))),0.75,0)+IF(ISNUMBER(SEARCH("电线杆",TRIM(CLEAN(J20)))),0.4,0)+IF(ISNUMBER(SEARCH("路灯",TRIM(CLEAN(J20)))),0.45,0)+IF(ISNUMBER(SEARCH("共享单车",TRIM(CLEAN(J20)))),0.35,0)+IF(ISNUMBER(SEARCH("垃圾桶",TRIM(CLEAN(J20)))),-0.5,0))/(1+LN(1+(LEN(TRIM(CLEAN(J20)))-LEN(SUBSTITUTE(TRIM(CLEAN(J20)),";",""))+1)))) -> 1.0335782 | L20: 10 | M20: 0 | N20: 5 | O20: 餐饮/饮品 | P20: 1 | Q20: 5 | R20: 115 | S20: 100 | T20: 8 | U20: 3.75 | V20: 3 | W20: 3.25 | X20: 独立独栋建筑 | Z20: 3.25 | AA20: 3.75 | AB20: 4.25 | AC20: 一级踏步抬升 | AE20: 树木 | AF20: 50 | AG20: 3.5 | AH20: 3.25 | AI20: 1 | AJ20: 0 | AK20: 1 | AL20: 0 | AM20: 0 | AN20: 1 | AO20: 0 | AP20: 0 | AQ20: 1 | AR20: 0 | AS20: 0 | AT20: 1 | AU20: 0 | AV20: 0 | AW20: 0 | AX20: 0 | AY20: 0 | AZ20: 0 | BA20: 0 | BB20: 0 | BC20: 1 | BD20: 0 | BE20: 0 | BF20: 0 | BG20: 0 | BH20: 0 | BI20: 0 | BJ20: ==AI20 -> 1 | BK20: ==BJ20/N20 -> 0.2 | BL20: ==AL20/AI20 -> 0 | BM20: ==IF(BJ20=0,0,AM20/BJ20) -> 0 | BN20: ==IF(BJ20=0,0,AN20/BJ20) -> 1 | BO20: ==IF(BJ20=0,0,AO20/BJ20) -> 0 | BP20: ==IF(BJ20=0,0,AP20/BJ20) -> 0 | BQ20: ==-IF(BM20=0,0,BM20*LN(BM20))-IF(BN20=0,0,BN20*LN(BN20))-IF(BO20=0,0,BO20*LN(BO20))-IF(BP20=0,0,BP20*LN(BP20)) -> 0 | BR20: ==IF(BJ20=0,0,BQ20/LN(4)*100) -> 0 | BS20: ==_xlfn.XLOOKUP(B20,点位均值!$A:$A,点位均值!$B:$B,"无匹配") -> 0.54218362 | BT20: ==_xlfn.XLOOKUP(B20,点位均值!$A:$A,点位均值!$C:$C,"无匹配") -> 2.1420366
A21: 93 | B21: 上海市徐汇区天平路街道建国西路320号 | C21: A2 商业界面 | D21: B1a 无后退 | E21: B2b 橱窗 | F21: B3b-iii 大雨棚 | I21: C2 开间尺度（单个店面或小片连续界面） | J21: D2 行道树；D6 共享单车 | K21: ==IF(TRIM(CLEAN(J21))="","",(IF(ISNUMBER(SEARCH("公共座椅",TRIM(CLEAN(J21)))),2,0)+IF(ISNUMBER(SEARCH("行道树",TRIM(CLEAN(J21)))),1,0)+IF(ISNUMBER(SEARCH("花坛",TRIM(CLEAN(J21)))),0.75,0)+IF(ISNUMBER(SEARCH("电线杆",TRIM(CLEAN(J21)))),0.5,0)+IF(ISNUMBER(SEARCH("路灯",TRIM(CLEAN(J21)))),0.5,0)+IF(ISNUMBER(SEARCH("共享单车",TRIM(CLEAN(J21)))),0.5,0)+IF(ISNUMBER(SEARCH("垃圾桶",TRIM(CLEAN(J21)))),-0.5,0))/(1+LN(1+(LEN(TRIM(CLEAN(J21)))-LEN(SUBSTITUTE(TRIM(CLEAN(J21)),";",""))+1)))) -> 0.88592416 | L21: 11 | M21: 1.5 | N21: 17 | O21: 居住 | P21: 1 | Q21: 3 | R21: 0 | S21: 10 | T21: 3 | U21: 4 | V21: 4 | W21: 3 | X21: 沿街商铺立面大体连贯，大面积玻璃窗形成通透界面，零星的店门、设备箱体轻微打断界面完整性 | Z21: 3 | AA21: 3 | AB21: 4 | AC21: 人行道无明显高差，商铺橱窗与外摆形成半开放停留空间，快速通行、逛街闲逛、短时休憩的人群混合出现 | AE21: 树木 | AF21: 60 | AG21: 4 | AH21: 3 | BJ21: ==AI21 -> 0 | BK21: ==BJ21/N21 -> 0 | BL21: ==AL21/AI21 -> #DIV/0! | BM21: ==IF(BJ21=0,0,AM21/BJ21) -> 0 | BN21: ==IF(BJ21=0,0,AN21/BJ21) -> 0 | BO21: ==IF(BJ21=0,0,AO21/BJ21) -> 0 | BP21: ==IF(BJ21=0,0,AP21/BJ21) -> 0 | BQ21: ==-IF(BM21=0,0,BM21*LN(BM21))-IF(BN21=0,0,BN21*LN(BN21))-IF(BO21=0,0,BO21*LN(BO21))-IF(BP21=0,0,BP21*LN(BP21)) -> 0 | BR21: ==IF(BJ21=0,0,BQ21/LN(4)*100) -> 0 | BS21: ==_xlfn.XLOOKUP(B21,点位均值!$A:$A,点位均值!$B:$B,"无匹配") -> 无匹配 | BT21: ==_xlfn.XLOOKUP(B21,点位均值!$A:$A,点位均值!$C:$C,"无匹配") -> 无匹配
A22: 94 | B22: 上海市徐汇区天平路街道建国西路338号 | C22: A2 商业界面 | D22: B1c 局部后退 | E22: B2d 完全开敞 | F22: B3a-i 外摆在内侧 | I22: C2 开间尺度（单个店面或小片连续界面） | J22: D2 行道树；D6 共享单车 | K22: ==IF(TRIM(CLEAN(J22))="","",(IF(ISNUMBER(SEARCH("公共座椅",TRIM(CLEAN(J22)))),2,0)+IF(ISNUMBER(SEARCH("行道树",TRIM(CLEAN(J22)))),1,0)+IF(ISNUMBER(SEARCH("花坛",TRIM(CLEAN(J22)))),0.75,0)+IF(ISNUMBER(SEARCH("电线杆",TRIM(CLEAN(J22)))),0.5,0)+IF(ISNUMBER(SEARCH("路灯",TRIM(CLEAN(J22)))),0.5,0)+IF(ISNUMBER(SEARCH("共享单车",TRIM(CLEAN(J22)))),0.5,0)+IF(ISNUMBER(SEARCH("垃圾桶",TRIM(CLEAN(J22)))),-0.5,0))/(1+LN(1+(LEN(TRIM(CLEAN(J22)))-LEN(SUBSTITUTE(TRIM(CLEAN(J22)),";",""))+1)))) -> 0.88592416 | L22: 15 | M22: 1.3 | N22: 22 | O22: 餐饮/饮品 | P22: 1 | Q22: 4 | R22: 78 | S22: 70 | T22: 9 | U22: 5 | V22: 4 | W22: 4 | X22: 连续性很好 | Z22: 4 | AA22: 4 | AB22: 4 | AC22: 无特殊处理 | AE22: 树木；雨棚 | AF22: 70 | AG22: 3 | AH22: 4 | AI22: 2 | AJ22: 0 | AK22: 2 | AL22: 0 | AM22: 0 | AN22: 1 | AO22: 1 | AP22: 0 | AQ22: 2 | AR22: 0 | AS22: 0 | AT22: 0 | AU22: 2 | AV22: 0 | AW22: 1 | AX22: 0 | AY22: 0 | AZ22: 0 | BA22: 0 | BB22: 0 | BC22: 1 | BD22: 0 | BE22: 0 | BF22: 0 | BG22: 0 | BH22: 0 | BI22: 0 | BJ22: ==AI22 -> 2 | BK22: ==BJ22/N22 -> 0.090909091 | BL22: ==AL22/AI22 -> 0 | BM22: ==IF(BJ22=0,0,AM22/BJ22) -> 0 | BN22: ==IF(BJ22=0,0,AN22/BJ22) -> 0.5 | BO22: ==IF(BJ22=0,0,AO22/BJ22) -> 0.5 | BP22: ==IF(BJ22=0,0,AP22/BJ22) -> 0 | BQ22: ==-IF(BM22=0,0,BM22*LN(BM22))-IF(BN22=0,0,BN22*LN(BN22))-IF(BO22=0,0,BO22*LN(BO22))-IF(BP22=0,0,BP22*LN(BP22)) -> 0.69314718 | BR22: ==IF(BJ22=0,0,BQ22/LN(4)*100) -> 50 | BS22: ==_xlfn.XLOOKUP(B22,点位均值!$A:$A,点位均值!$B:$B,"无匹配") -> 0.91066998 | BT22: ==_xlfn.XLOOKUP(B22,点位均值!$A:$A,点位均值!$C:$C,"无匹配") -> 1.7543081
A23: 66 | B23: 上海市静安区南京西路街道巨鹿路754号 | C23: A2 商业界面 | D23: B1d 整体后退 | E23: B2d 完全开敞 | F23: B3a-i 外摆在内侧 | I23: C3 建筑尺度（整栋建筑） | J23: D2 行道树；D5 路灯 | K23: ==IF(TRIM(CLEAN(J23))="","",(IF(ISNUMBER(SEARCH("公共座椅",TRIM(CLEAN(J23)))),2,0)+IF(ISNUMBER(SEARCH("行道树",TRIM(CLEAN(J23)))),1,0)+IF(ISNUMBER(SEARCH("花坛",TRIM(CLEAN(J23)))),0.75,0)+IF(ISNUMBER(SEARCH("电线杆",TRIM(CLEAN(J23)))),0.4,0)+IF(ISNUMBER(SEARCH("路灯",TRIM(CLEAN(J23)))),0.45,0)+IF(ISNUMBER(SEARCH("共享单车",TRIM(CLEAN(J23)))),0.35,0)+IF(ISNUMBER(SEARCH("垃圾桶",TRIM(CLEAN(J23)))),-0.5,0))/(1+LN(1+(LEN(TRIM(CLEAN(J23)))-LEN(SUBSTITUTE(TRIM(CLEAN(J23)),";",""))+1)))) -> 0.85639336 | L23: 20.6 | M23: 2.5 | N23: 63.5 | O23: 餐饮/饮品 | P23: 2 | Q23: 5 | R23: 60 | S23: 100 | T23: 25 | U23: 4 | V23: 2 | W23: 2 | X23: 界面较为连续，左侧商店门口开洞退让 | Y23: 737.jpg | Z23: 3 | AA23: 4 | AB23: 4 | AC23: 部分座椅设施在建筑退让内部，有抬升，其余街边座椅设施不存在特殊铺地、抬升、围合 | AD23: 737.jpg | AE23: 树木；雨棚 | AF23: 90 | AG23: 3 | AH23: 3 | AI23: 17 | AJ23: 7 | AK23: 2 | AL23: 15 | AM23: 1 | AN23: 15 | AO23: 1 | AP23: 0 | AQ23: 8 | AR23: 9 | AS23: 0 | AT23: 15 | AU23: 2 | AV23: 0 | AW23: 0 | AX23: 5 | AY23: 0 | AZ23: 11 | BA23: 0 | BB23: 14 | BC23: 4 | BD23: 0 | BE23: 0 | BF23: 0 | BG23: 0 | BH23: 0 | BI23: 0 | BJ23: ==AI23 -> 17 | BK23: ==BJ23/N23 -> 0.26771654 | BL23: ==AL23/AI23 -> 0.88235294 | BM23: ==IF(BJ23=0,0,AM23/BJ23) -> 0.058823529 | BN23: ==IF(BJ23=0,0,AN23/BJ23) -> 0.88235294 | BO23: ==IF(BJ23=0,0,AO23/BJ23) -> 0.058823529 | BP23: ==IF(BJ23=0,0,AP23/BJ23) -> 0 | BQ23: ==-IF(BM23=0,0,BM23*LN(BM23))-IF(BN23=0,0,BN23*LN(BN23))-IF(BO23=0,0,BO23*LN(BO23))-IF(BP23=0,0,BP23*LN(BP23)) -> 0.44375728 | BR23: ==IF(BJ23=0,0,BQ23/LN(4)*100) -> 32.010322 | BS23: ==_xlfn.XLOOKUP(B23,点位均值!$A:$A,点位均值!$B:$B,"无匹配") -> 1.3138374 | BT23: ==_xlfn.XLOOKUP(B23,点位均值!$A:$A,点位均值!$C:$C,"无匹配") -> 3.6838274
A24: 69 | B24: 上海市静安区南京西路街道襄阳北路5号 | C24: A2 商业界面 | D24: B1c 局部后退 | E24: B2c 墙面开洞 | I24: C2 开间尺度（单个店面或小片连续界面） | J24: D2 行道树；D5 路灯 | K24: ==IF(TRIM(CLEAN(J24))="","",(IF(ISNUMBER(SEARCH("公共座椅",TRIM(CLEAN(J24)))),2,0)+IF(ISNUMBER(SEARCH("行道树",TRIM(CLEAN(J24)))),1,0)+IF(ISNUMBER(SEARCH("花坛",TRIM(CLEAN(J24)))),0.75,0)+IF(ISNUMBER(SEARCH("电线杆",TRIM(CLEAN(J24)))),0.4,0)+IF(ISNUMBER(SEARCH("路灯",TRIM(CLEAN(J24)))),0.45,0)+IF(ISNUMBER(SEARCH("共享单车",TRIM(CLEAN(J24)))),0.35,0)+IF(ISNUMBER(SEARCH("垃圾桶",TRIM(CLEAN(J24)))),-0.5,0))/(1+LN(1+(LEN(TRIM(CLEAN(J24)))-LEN(SUBSTITUTE(TRIM(CLEAN(J24)),";",""))+1)))) -> 0.85639336 | O24: 餐饮/饮品 | P24: 3 | Q24: 1 | R24: 89 | S24: 0 | T24: 8 | U24: 3 | V24: 2 | W24: 2 | Y24: IMG_5529.jpg | Z24: 5 | AA24: 1 | AB24: 4 | AD24: IMG_5529.jpg | AE24: 树木；建筑 | AF24: 50 | AG24: 4 | AH24: 4 | AI24: 2 | AJ24: 2 | AK24: 0 | AL24: 2 | AM24: 0 | AN24: 0 | AO24: 2 | AP24: 0 | AQ24: 2 | AR24: 0 | AS24: 0 | AT24: 2 | AU24: 0 | AV24: 0 | AW24: 0 | AX24: 0 | AY24: 0 | AZ24: 2 | BA24: 0 | BB24: 0 | BC24: 2 | BD24: 0 | BE24: 0 | BF24: 0 | BG24: 0 | BH24: 0 | BI24: 0 | BJ24: ==AI24 -> 2 | BK24: ==BJ24/N24 -> #DIV/0! | BL24: ==AL24/AI24 -> 1 | BM24: ==IF(BJ24=0,0,AM24/BJ24) -> 0 | BN24: ==IF(BJ24=0,0,AN24/BJ24) -> 0 | BO24: ==IF(BJ24=0,0,AO24/BJ24) -> 1 | BP24: ==IF(BJ24=0,0,AP24/BJ24) -> 0 | BQ24: ==-IF(BM24=0,0,BM24*LN(BM24))-IF(BN24=0,0,BN24*LN(BN24))-IF(BO24=0,0,BO24*LN(BO24))-IF(BP24=0,0,BP24*LN(BP24)) -> 0 | BR24: ==IF(BJ24=0,0,BQ24/LN(4)*100) -> 0 | BS24: ==_xlfn.XLOOKUP(B24,点位均值!$A:$A,点位均值!$B:$B,"无匹配") -> 3.2444169 | BT24: ==_xlfn.XLOOKUP(B24,点位均值!$A:$A,点位均值!$C:$C,"无匹配") -> 1.8835509
A25: 74 | B25: 上海市黄浦区瑞金二路街道南昌路354号 | C25: A2 商业界面 | D25: B1d 整体后退 | E25: B2b 橱窗 | G25: B3c 围栏 | I25: C2 开间尺度（单个店面或小片连续界面） | J25: D2 行道树；D5 路灯 | K25: ==IF(TRIM(CLEAN(J25))="","",(IF(ISNUMBER(SEARCH("公共座椅",TRIM(CLEAN(J25)))),2,0)+IF(ISNUMBER(SEARCH("行道树",TRIM(CLEAN(J25)))),1,0)+IF(ISNUMBER(SEARCH("花坛",TRIM(CLEAN(J25)))),0.75,0)+IF(ISNUMBER(SEARCH("电线杆",TRIM(CLEAN(J25)))),0.4,0)+IF(ISNUMBER(SEARCH("路灯",TRIM(CLEAN(J25)))),0.45,0)+IF(ISNUMBER(SEARCH("共享单车",TRIM(CLEAN(J25)))),0.35,0)+IF(ISNUMBER(SEARCH("垃圾桶",TRIM(CLEAN(J25)))),-0.5,0))/(1+LN(1+(LEN(TRIM(CLEAN(J25)))-LEN(SUBSTITUTE(TRIM(CLEAN(J25)),";",""))+1)))) -> 0.85639336 | L25: 7 | M25: 2 | N25: 15 | O25: 零售 | P25: 2 | Q25: 3 | R25: 2500 | S25: 70 | T25: 10 | U25: 5 | V25: 1 | W25: 4 | X25: 退界形成小庭院，不连续 | Z25: 5 | AA25: 5 | AB25: 5 | AC25: 三级台阶上行进入店铺 | AE25: 树木；建筑 | AF25: 60 | AG25: 5 | AH25: 5 | AI25: 4 | AJ25: 2 | AK25: 0 | AL25: 4 | AM25: 0 | AN25: 4 | AO25: 0 | AP25: 0 | AQ25: 4 | AR25: 0 | AS25: 0 | AT25: 0 | AU25: 4 | AV25: 0 | AW25: 0 | AX25: 0 | AY25: 0 | AZ25: 4 | BA25: 0 | BB25: 0 | BC25: 0 | BD25: 0 | BE25: 0 | BF25: 0 | BG25: 0 | BH25: 0 | BI25: 0 | BJ25: ==AI25 -> 4 | BK25: ==BJ25/N25 -> 0.26666667 | BL25: ==AL25/AI25 -> 1 | BM25: ==IF(BJ25=0,0,AM25/BJ25) -> 0 | BN25: ==IF(BJ25=0,0,AN25/BJ25) -> 1 | BO25: ==IF(BJ25=0,0,AO25/BJ25) -> 0 | BP25: ==IF(BJ25=0,0,AP25/BJ25) -> 0 | BQ25: ==-IF(BM25=0,0,BM25*LN(BM25))-IF(BN25=0,0,BN25*LN(BN25))-IF(BO25=0,0,BO25*LN(BO25))-IF(BP25=0,0,BP25*LN(BP25)) -> 0 | BR25: ==IF(BJ25=0,0,BQ25/LN(4)*100) -> 0 | BS25: ==_xlfn.XLOOKUP(B25,点位均值!$A:$A,点位均值!$B:$B,"无匹配") -> 0.8369727 | BT25: ==_xlfn.XLOOKUP(B25,点位均值!$A:$A,点位均值!$C:$C,"无匹配") -> 0.90130548
A26: 77 | B26: 上海市黄浦区瑞金二路街道永嘉路120号 | C26: A2 商业界面 | D26: B1a 无后退 | E26: B2b 橱窗 | F26: B3a-i 外摆在内侧 | I26: C2 开间尺度（单个店面或小片连续界面） | J26: D2 行道树；D5 路灯 | K26: ==IF(TRIM(CLEAN(J26))="","",(IF(ISNUMBER(SEARCH("公共座椅",TRIM(CLEAN(J26)))),2,0)+IF(ISNUMBER(SEARCH("行道树",TRIM(CLEAN(J26)))),1,0)+IF(ISNUMBER(SEARCH("花坛",TRIM(CLEAN(J26)))),0.75,0)+IF(ISNUMBER(SEARCH("电线杆",TRIM(CLEAN(J26)))),0.4,0)+IF(ISNUMBER(SEARCH("路灯",TRIM(CLEAN(J26)))),0.45,0)+IF(ISNUMBER(SEARCH("共享单车",TRIM(CLEAN(J26)))),0.35,0)+IF(ISNUMBER(SEARCH("垃圾桶",TRIM(CLEAN(J26)))),-0.5,0))/(1+LN(1+(LEN(TRIM(CLEAN(J26)))-LEN(SUBSTITUTE(TRIM(CLEAN(J26)),";",""))+1)))) -> 0.85639336 | L26: 3.5 | M26: 0 | N26: 5 | O26: 餐饮/饮品 | P26: 1 | Q26: 3 | R26: 5 | S26: 80 | T26: 5 | U26: 3 | V26: 2 | W26: 1 | Z26: 1 | AA26: 2 | AB26: 3 | AE26: 树木；建筑 | AF26: 70 | AG26: 2 | AH26: 2 | AI26: 7 | AJ26: 3 | AK26: 1 | AL26: 6 | AM26: 1 | AN26: 0 | AO26: 3 | AP26: 3 | AQ26: 3 | AR26: 4 | AS26: 0 | AT26: 0 | AU26: 7 | AV26: 4 | AW26: 3 | AX26: 0 | AY26: 0 | AZ26: 0 | BA26: 0 | BB26: 0 | BC26: 0 | BD26: 0 | BE26: 0 | BF26: 0 | BG26: 0 | BH26: 0 | BI26: 0 | BJ26: ==AI26 -> 7 | BK26: ==BJ26/N26 -> 1.4 | BL26: ==AL26/AI26 -> 0.85714286 | BM26: ==IF(BJ26=0,0,AM26/BJ26) -> 0.14285714 | BN26: ==IF(BJ26=0,0,AN26/BJ26) -> 0 | BO26: ==IF(BJ26=0,0,AO26/BJ26) -> 0.42857143 | BP26: ==IF(BJ26=0,0,AP26/BJ26) -> 0.42857143 | BQ26: ==-IF(BM26=0,0,BM26*LN(BM26))-IF(BN26=0,0,BN26*LN(BN26))-IF(BO26=0,0,BO26*LN(BO26))-IF(BP26=0,0,BP26*LN(BP26)) -> 1.0042425 | BR26: ==IF(BJ26=0,0,BQ26/LN(4)*100) -> 72.440782 | BS26: ==_xlfn.XLOOKUP(B26,点位均值!$A:$A,点位均值!$B:$B,"无匹配") -> 1.0966678 | BT26: ==_xlfn.XLOOKUP(B26,点位均值!$A:$A,点位均值!$C:$C,"无匹配") -> 1.3961209
A27: 98 | B27: 上海市徐汇区天平路街道陕西南路570号 | C27: A2 商业界面 | D27: B1a 无后退 | E27: B2d 完全开敞 | F27: B3a-i 外摆在内侧 | I27: C2 开间尺度（单个店面或小片连续界面） | J27: D2 行道树；D5 路灯 | K27: ==IF(TRIM(CLEAN(J27))="","",(IF(ISNUMBER(SEARCH("公共座椅",TRIM(CLEAN(J27)))),2,0)+IF(ISNUMBER(SEARCH("行道树",TRIM(CLEAN(J27)))),1,0)+IF(ISNUMBER(SEARCH("花坛",TRIM(CLEAN(J27)))),0.75,0)+IF(ISNUMBER(SEARCH("电线杆",TRIM(CLEAN(J27)))),0.4,0)+IF(ISNUMBER(SEARCH("路灯",TRIM(CLEAN(J27)))),0.45,0)+IF(ISNUMBER(SEARCH("共享单车",TRIM(CLEAN(J27)))),0.35,0)+IF(ISNUMBER(SEARCH("垃圾桶",TRIM(CLEAN(J27)))),-0.5,0))/(1+LN(1+(LEN(TRIM(CLEAN(J27)))-LEN(SUBSTITUTE(TRIM(CLEAN(J27)),";",""))+1)))) -> 0.85639336 | L27: 4 | M27: 0 | N27: 6 | O27: 零售 | P27: 2 | Q27: 2 | R27: 10 | S27: 70 | U27: 2 | V27: 4 | W27: 4 | X27: 均为生鲜、水产、菜场等生活性全开场店铺 | Z27: 1 | AA27: 1 | AB27: 3 | AE27: 树木；雨棚 | AF27: 80 | AG27: 3 | AH27: 3 | AI27: 4 | AJ27: 1 | AK27: 1 | AL27: 3 | AM27: 1 | AN27: 1 | AO27: 1 | AP27: 1 | AQ27: 2 | AR27: 1 | AS27: 1 | AT27: 1 | AU27: 3 | AV27: 3 | AW27: 0 | AX27: 0 | AY27: 0 | AZ27: 2 | BA27: 0 | BB27: 0 | BC27: 0 | BD27: 0 | BE27: 0 | BF27: 0 | BG27: 0 | BH27: 0 | BI27: 0 | BJ27: ==AI27 -> 4 | BK27: ==BJ27/N27 -> 0.66666667 | BL27: ==AL27/AI27 -> 0.75 | BM27: ==IF(BJ27=0,0,AM27/BJ27) -> 0.25 | BN27: ==IF(BJ27=0,0,AN27/BJ27) -> 0.25 | BO27: ==IF(BJ27=0,0,AO27/BJ27) -> 0.25 | BP27: ==IF(BJ27=0,0,AP27/BJ27) -> 0.25 | BQ27: ==-IF(BM27=0,0,BM27*LN(BM27))-IF(BN27=0,0,BN27*LN(BN27))-IF(BO27=0,0,BO27*LN(BO27))-IF(BP27=0,0,BP27*LN(BP27)) -> 1.3862944 | BR27: ==IF(BJ27=0,0,BQ27/LN(4)*100) -> 100 | BS27: ==_xlfn.XLOOKUP(B27,点位均值!$A:$A,点位均值!$B:$B,"无匹配") -> 1.3282878 | BT27: ==_xlfn.XLOOKUP(B27,点位均值!$A:$A,点位均值!$C:$C,"无匹配") -> 2.0644909
A28: 100 | B28: 上海市徐汇区天平路街道太原路45弄1号 | C28: A2 商业界面 | D28: B1d 整体后退 | E28: B2d 完全开敞 | H28: B3c 围栏 | I28: C4 组团尺度（院落或街区） | J28: D2 行道树；D5 路灯 | K28: ==IF(TRIM(CLEAN(J28))="","",(IF(ISNUMBER(SEARCH("公共座椅",TRIM(CLEAN(J28)))),2,0)+IF(ISNUMBER(SEARCH("行道树",TRIM(CLEAN(J28)))),1,0)+IF(ISNUMBER(SEARCH("花坛",TRIM(CLEAN(J28)))),0.75,0)+IF(ISNUMBER(SEARCH("电线杆",TRIM(CLEAN(J28)))),0.4,0)+IF(ISNUMBER(SEARCH("路灯",TRIM(CLEAN(J28)))),0.45,0)+IF(ISNUMBER(SEARCH("共享单车",TRIM(CLEAN(J28)))),0.35,0)+IF(ISNUMBER(SEARCH("垃圾桶",TRIM(CLEAN(J28)))),-0.5,0))/(1+LN(1+(LEN(TRIM(CLEAN(J28)))-LEN(SUBSTITUTE(TRIM(CLEAN(J28)),";",""))+1)))) -> 0.85639336 | L28: 28 | M28: 2 | N28: 20 | O28: 生活服务 | P28: 2 | Q28: 3 | R28: 36 | S28: 20 | T28: 9 | U28: 5 | V28: 4 | W28: 5 | X28: 临街界面完整连续，几乎无围墙、构筑物打断立面 | Z28: 5 | AA28: 5 | AB28: 5 | AC28: 临街有镜子，有围栏小院落 | AD28: 1788081895721.jpg | AE28: 树木 | AF28: 50 | AG28: 4 | AH28: 4 | AI28: 10 | AJ28: 4 | AK28: 1 | AL28: 9 | AM28: 0 | AN28: 7 | AO28: 2 | AP28: 1 | AQ28: 1 | AR28: 9 | AS28: 0 | AT28: 0 | AU28: 10 | AV28: 5 | AW28: 2 | AX28: 0 | AY28: 3 | AZ28: 2 | BA28: 0 | BB28: 0 | BC28: 0 | BD28: 0 | BE28: 0 | BF28: 0 | BG28: 0 | BH28: 0 | BI28: 0 | BJ28: ==AI28 -> 10 | BK28: ==BJ28/N28 -> 0.5 | BL28: ==AL28/AI28 -> 0.9 | BM28: ==IF(BJ28=0,0,AM28/BJ28) -> 0 | BN28: ==IF(BJ28=0,0,AN28/BJ28) -> 0.7 | BO28: ==IF(BJ28=0,0,AO28/BJ28) -> 0.2 | BP28: ==IF(BJ28=0,0,AP28/BJ28) -> 0.1 | BQ28: ==-IF(BM28=0,0,BM28*LN(BM28))-IF(BN28=0,0,BN28*LN(BN28))-IF(BO28=0,0,BO28*LN(BO28))-IF(BP28=0,0,BP28*LN(BP28)) -> 0.80181855 | BR28: ==IF(BJ28=0,0,BQ28/LN(4)*100) -> 57.838982 | BS28: ==_xlfn.XLOOKUP(B28,点位均值!$A:$A,点位均值!$B:$B,"无匹配") -> 0.54709677 | BT28: ==_xlfn.XLOOKUP(B28,点位均值!$A:$A,点位均值!$C:$C,"无匹配") -> 2.9485117
A29: 7 | B29: 上海市徐汇区湖南路街道东湖路30号 | C29: A2 商业界面 | D29: B1a 无后退 | E29: B2d 完全开敞 | H29: B3c 围栏 | I29: C3 建筑尺度（整栋建筑） | J29: D2 行道树；D4 电线杆 | K29: ==IF(TRIM(CLEAN(J29))="","",(IF(ISNUMBER(SEARCH("公共座椅",TRIM(CLEAN(J29)))),2,0)+IF(ISNUMBER(SEARCH("行道树",TRIM(CLEAN(J29)))),1,0)+IF(ISNUMBER(SEARCH("花坛",TRIM(CLEAN(J29)))),0.75,0)+IF(ISNUMBER(SEARCH("电线杆",TRIM(CLEAN(J29)))),0.4,0)+IF(ISNUMBER(SEARCH("路灯",TRIM(CLEAN(J29)))),0.45,0)+IF(ISNUMBER(SEARCH("共享单车",TRIM(CLEAN(J29)))),0.35,0)+IF(ISNUMBER(SEARCH("垃圾桶",TRIM(CLEAN(J29)))),-0.5,0))/(1+LN(1+(LEN(TRIM(CLEAN(J29)))-LEN(SUBSTITUTE(TRIM(CLEAN(J29)),";",""))+1)))) -> 0.82686255 | L29: 12 | M29: 0.5 | N29: 31.6 | O29: 餐饮/饮品 | P29: 1 | Q29: 2 | R29: 139 | S29: 30 | T29: 15 | U29: 5 | V29: 4 | W29: 3 | X29: 该餐饮店独立存在，一侧是小广场，一侧是内部通道大门，连续性不强 | Y29: IMG_20260830_142259.jpg | Z29: 4 | AA29: 4 | AB29: 5 | AC29: 警戒线围合一半座位。 | AE29: 树木 | AF29: 50 | AG29: 4 | AH29: 5 | AI29: 8 | AJ29: 3 | AK29: 2 | AL29: 6 | AM29: 0 | AN29: 4 | AO29: 4 | AP29: 0 | AQ29: 3 | AR29: 5 | AS29: 0 | AT29: 4 | AU29: 4 | AV29: 3 | AW29: 0 | AX29: 0 | AY29: 0 | AZ29: 2 | BA29: 0 | BB29: 0 | BC29: 5 | BD29: 0 | BE29: 0 | BF29: 0 | BG29: 0 | BH29: 0 | BI29: 0 | BJ29: ==AI29 -> 8 | BK29: ==BJ29/N29 -> 0.25316456 | BL29: ==AL29/AI29 -> 0.75 | BM29: ==IF(BJ29=0,0,AM29/BJ29) -> 0 | BN29: ==IF(BJ29=0,0,AN29/BJ29) -> 0.5 | BO29: ==IF(BJ29=0,0,AO29/BJ29) -> 0.5 | BP29: ==IF(BJ29=0,0,AP29/BJ29) -> 0 | BQ29: ==-IF(BM29=0,0,BM29*LN(BM29))-IF(BN29=0,0,BN29*LN(BN29))-IF(BO29=0,0,BO29*LN(BO29))-IF(BP29=0,0,BP29*LN(BP29)) -> 0.69314718 | BR29: ==IF(BJ29=0,0,BQ29/LN(4)*100) -> 50 | BS29: ==_xlfn.XLOOKUP(B29,点位均值!$A:$A,点位均值!$B:$B,"无匹配") -> 1.1808933 | BT29: ==_xlfn.XLOOKUP(B29,点位均值!$A:$A,点位均值!$C:$C,"无匹配") -> 2.2325065
A30: 15 | B30: 上海市徐汇区湖南路街道乌鲁木齐中路192号 | C30: A2 商业界面 | D30: B1a 无后退 | E30: B2b 橱窗 | F30: B3a-i 外摆在内侧 | G30: B3b-ii 招牌 | I30: C2 开间尺度（单个店面或小片连续界面） | J30: D2 行道树；D4 电线杆 | K30: ==IF(TRIM(CLEAN(J30))="","",(IF(ISNUMBER(SEARCH("公共座椅",TRIM(CLEAN(J30)))),2,0)+IF(ISNUMBER(SEARCH("行道树",TRIM(CLEAN(J30)))),1,0)+IF(ISNUMBER(SEARCH("花坛",TRIM(CLEAN(J30)))),0.75,0)+IF(ISNUMBER(SEARCH("电线杆",TRIM(CLEAN(J30)))),0.4,0)+IF(ISNUMBER(SEARCH("路灯",TRIM(CLEAN(J30)))),0.45,0)+IF(ISNUMBER(SEARCH("共享单车",TRIM(CLEAN(J30)))),0.35,0)+IF(ISNUMBER(SEARCH("垃圾桶",TRIM(CLEAN(J30)))),-0.5,0))/(1+LN(1+(LEN(TRIM(CLEAN(J30)))-LEN(SUBSTITUTE(TRIM(CLEAN(J30)),";",""))+1)))) -> 0.82686255 | L30: 4 | M30: 0 | N30: 0.5 | O30: 零售 | P30: 1 | Q30: 4 | R30: 177 | S30: 5 | T30: 2 | U30: 4 | V30: 4 | W30: 4 | X30: 界面连续性一般 | Y30: 194.jpg | Z30: 5 | AA30: 2 | AB30: 4 | AC30: 无明显属于商铺的停留处 | AD30: 194.jpg | AE30: 树木 | AF30: 15 | AG30: 4 | AH30: 3 | BJ30: ==AI30 -> 0 | BK30: ==BJ30/N30 -> 0 | BL30: ==AL30/AI30 -> #DIV/0! | BM30: ==IF(BJ30=0,0,AM30/BJ30) -> 0 | BN30: ==IF(BJ30=0,0,AN30/BJ30) -> 0 | BO30: ==IF(BJ30=0,0,AO30/BJ30) -> 0 | BP30: ==IF(BJ30=0,0,AP30/BJ30) -> 0 | BQ30: ==-IF(BM30=0,0,BM30*LN(BM30))-IF(BN30=0,0,BN30*LN(BN30))-IF(BO30=0,0,BO30*LN(BO30))-IF(BP30=0,0,BP30*LN(BP30)) -> 0 | BR30: ==IF(BJ30=0,0,BQ30/LN(4)*100) -> 0 | BS30: ==_xlfn.XLOOKUP(B30,点位均值!$A:$A,点位均值!$B:$B,"无匹配") -> 无匹配 | BT30: ==_xlfn.XLOOKUP(B30,点位均值!$A:$A,点位均值!$C:$C,"无匹配") -> 无匹配
A31: 17 | B31: 上海市徐汇区湖南路街道乌鲁木齐中路292号 | C31: A2 商业界面 | D31: B1a 无后退 | E31: B2b 橱窗 | G31: B3b-i 雨棚；B3b-ii 招牌 | I31: C2 开间尺度（单个店面或小片连续界面） | J31: D2 行道树；D4 电线杆 | K31: ==IF(TRIM(CLEAN(J31))="","",(IF(ISNUMBER(SEARCH("公共座椅",TRIM(CLEAN(J31)))),2,0)+IF(ISNUMBER(SEARCH("行道树",TRIM(CLEAN(J31)))),1,0)+IF(ISNUMBER(SEARCH("花坛",TRIM(CLEAN(J31)))),0.75,0)+IF(ISNUMBER(SEARCH("电线杆",TRIM(CLEAN(J31)))),0.4,0)+IF(ISNUMBER(SEARCH("路灯",TRIM(CLEAN(J31)))),0.45,0)+IF(ISNUMBER(SEARCH("共享单车",TRIM(CLEAN(J31)))),0.35,0)+IF(ISNUMBER(SEARCH("垃圾桶",TRIM(CLEAN(J31)))),-0.5,0))/(1+LN(1+(LEN(TRIM(CLEAN(J31)))-LEN(SUBSTITUTE(TRIM(CLEAN(J31)),";",""))+1)))) -> 0.82686255 | L31: 6 | M31: 0 | N31: 0.5 | O31: 餐饮/饮品 | P31: 1 | Q31: 4 | R31: 25 | S31: 10 | T31: 2 | U31: 5 | V31: 5 | W31: 5 | X31: 商铺入口处为通透的落地大玻璃 | Y31: 厕所.jpg | Z31: 5 | AA31: 3 | AB31: 4 | AC31: 商店没有无特殊铺地、抬升 | AD31: 厕所.jpg | AE31: 树木；雨棚 | AF31: 50 | AG31: 4 | AH31: 5 | AI31: 2 | AJ31: 1 | AK31: 0 | AL31: 2 | AM31: 0 | AN31: 2 | AO31: 0 | AP31: 0 | AQ31: 1 | AR31: 1 | AS31: 0 | AT31: 0 | AU31: 2 | AV31: 2 | AW31: 0 | AX31: 0 | AY31: 0 | AZ31: 0 | BA31: 0 | BB31: 0 | BC31: 2 | BD31: 0 | BE31: 0 | BF31: 0 | BG31: 0 | BH31: 0 | BI31: 0 | BJ31: ==AI31 -> 2 | BK31: ==BJ31/N31 -> 4 | BL31: ==AL31/AI31 -> 1 | BM31: ==IF(BJ31=0,0,AM31/BJ31) -> 0 | BN31: ==IF(BJ31=0,0,AN31/BJ31) -> 1 | BO31: ==IF(BJ31=0,0,AO31/BJ31) -> 0 | BP31: ==IF(BJ31=0,0,AP31/BJ31) -> 0 | BQ31: ==-IF(BM31=0,0,BM31*LN(BM31))-IF(BN31=0,0,BN31*LN(BN31))-IF(BO31=0,0,BO31*LN(BO31))-IF(BP31=0,0,BP31*LN(BP31)) -> 0 | BR31: ==IF(BJ31=0,0,BQ31/LN(4)*100) -> 0 | BS31: ==_xlfn.XLOOKUP(B31,点位均值!$A:$A,点位均值!$B:$B,"无匹配") -> 0.73870968 | BT31: ==_xlfn.XLOOKUP(B31,点位均值!$A:$A,点位均值!$C:$C,"无匹配") -> 5.4506527
A32: 24 | B32: 上海市徐汇区湖南路街道五原路58号 | C32: A2 商业界面 | D32: B1d 整体后退 | E32: B2b 橱窗 | F32: B3a-i 外摆在内侧 | I32: C3 建筑尺度（整栋建筑） | J32: D2 行道树；D4 电线杆 | K32: ==IF(TRIM(CLEAN(J32))="","",(IF(ISNUMBER(SEARCH("公共座椅",TRIM(CLEAN(J32)))),2,0)+IF(ISNUMBER(SEARCH("行道树",TRIM(CLEAN(J32)))),1,0)+IF(ISNUMBER(SEARCH("花坛",TRIM(CLEAN(J32)))),0.75,0)+IF(ISNUMBER(SEARCH("电线杆",TRIM(CLEAN(J32)))),0.4,0)+IF(ISNUMBER(SEARCH("路灯",TRIM(CLEAN(J32)))),0.45,0)+IF(ISNUMBER(SEARCH("共享单车",TRIM(CLEAN(J32)))),0.35,0)+IF(ISNUMBER(SEARCH("垃圾桶",TRIM(CLEAN(J32)))),-0.5,0))/(1+LN(1+(LEN(TRIM(CLEAN(J32)))-LEN(SUBSTITUTE(TRIM(CLEAN(J32)),";",""))+1)))) -> 0.82686255 | L32: 8 | M32: 1 | N32: 8 | O32: 餐饮/饮品 | P32: 1 | Q32: 5 | R32: 60 | S32: 90 | T32: 6 | U32: 5 | V32: 4 | W32: 4 | X32: 周围无连续节点 | Z32: 5 | AA32: 1 | AB32: 5 | AE32: 树木；雨棚 | AF32: 80 | AG32: 4 | AH32: 3 | AI32: 5 | AJ32: 2 | AK32: 0 | AL32: 5 | AM32: 0 | AN32: 3 | AO32: 2 | AP32: 0 | AQ32: 3 | AR32: 2 | AS32: 0 | AT32: 5 | AU32: 0 | AV32: 0 | AW32: 0 | AX32: 0 | AY32: 0 | AZ32: 5 | BA32: 0 | BB32: 5 | BC32: 1 | BD32: 0 | BE32: 0 | BF32: 0 | BG32: 0 | BH32: 0 | BI32: 0 | BJ32: ==AI32 -> 5 | BK32: ==BJ32/N32 -> 0.625 | BL32: ==AL32/AI32 -> 1 | BM32: ==IF(BJ32=0,0,AM32/BJ32) -> 0 | BN32: ==IF(BJ32=0,0,AN32/BJ32) -> 0.6 | BO32: ==IF(BJ32=0,0,AO32/BJ32) -> 0.4 | BP32: ==IF(BJ32=0,0,AP32/BJ32) -> 0 | BQ32: ==-IF(BM32=0,0,BM32*LN(BM32))-IF(BN32=0,0,BN32*LN(BN32))-IF(BO32=0,0,BO32*LN(BO32))-IF(BP32=0,0,BP32*LN(BP32)) -> 0.67301167 | BR32: ==IF(BJ32=0,0,BQ32/LN(4)*100) -> 48.54753 | BS32: ==_xlfn.XLOOKUP(B32,点位均值!$A:$A,点位均值!$B:$B,"无匹配") -> 2.1831762 | BT32: ==_xlfn.XLOOKUP(B32,点位均值!$A:$A,点位均值!$C:$C,"无匹配") -> 3.1449608
A33: 26 | B33: 上海市徐汇区湖南路街道五原路98号 | C33: A2 商业界面 | D33: B1d 整体后退 | E33: B2d 完全开敞 | I33: C3 建筑尺度（整栋建筑） | J33: D2 行道树；D4 电线杆 | K33: ==IF(TRIM(CLEAN(J33))="","",(IF(ISNUMBER(SEARCH("公共座椅",TRIM(CLEAN(J33)))),2,0)+IF(ISNUMBER(SEARCH("行道树",TRIM(CLEAN(J33)))),1,0)+IF(ISNUMBER(SEARCH("花坛",TRIM(CLEAN(J33)))),0.75,0)+IF(ISNUMBER(SEARCH("电线杆",TRIM(CLEAN(J33)))),0.4,0)+IF(ISNUMBER(SEARCH("路灯",TRIM(CLEAN(J33)))),0.45,0)+IF(ISNUMBER(SEARCH("共享单车",TRIM(CLEAN(J33)))),0.35,0)+IF(ISNUMBER(SEARCH("垃圾桶",TRIM(CLEAN(J33)))),-0.5,0))/(1+LN(1+(LEN(TRIM(CLEAN(J33)))-LEN(SUBSTITUTE(TRIM(CLEAN(J33)),";",""))+1)))) -> 0.82686255 | L33: 8 | M33: 0 | N33: 10 | O33: 餐饮/饮品 | P33: 1 | Q33: 5 | R33: 200 | S33: 10 | T33: 7 | U33: 5 | V33: 5 | W33: 5 | X33: 左侧有连续界面（商店） | Z33: 5 | AA33: 3 | AB33: 5 | AE33: 树木；建筑 | AF33: 50 | AG33: 3 | AH33: 3 | AI33: 3 | AJ33: 1 | AK33: 0 | AL33: 3 | AM33: 0 | AN33: 3 | AO33: 0 | AP33: 0 | AQ33: 1 | AR33: 2 | AS33: 0 | AT33: 2 | AU33: 1 | AV33: 0 | AW33: 0 | AX33: 0 | AY33: 3 | AZ33: 0 | BA33: 0 | BB33: 0 | BC33: 0 | BD33: 0 | BE33: 0 | BF33: 0 | BG33: 0 | BH33: 0 | BI33: 0 | BJ33: ==AI33 -> 3 | BK33: ==BJ33/N33 -> 0.3 | BL33: ==AL33/AI33 -> 1 | BM33: ==IF(BJ33=0,0,AM33/BJ33) -> 0 | BN33: ==IF(BJ33=0,0,AN33/BJ33) -> 1 | BO33: ==IF(BJ33=0,0,AO33/BJ33) -> 0 | BP33: ==IF(BJ33=0,0,AP33/BJ33) -> 0 | BQ33: ==-IF(BM33=0,0,BM33*LN(BM33))-IF(BN33=0,0,BN33*LN(BN33))-IF(BO33=0,0,BO33*LN(BO33))-IF(BP33=0,0,BP33*LN(BP33)) -> 0 | BR33: ==IF(BJ33=0,0,BQ33/LN(4)*100) -> 0 | BS33: ==_xlfn.XLOOKUP(B33,点位均值!$A:$A,点位均值!$B:$B,"无匹配") -> 0.1 | BT33: ==_xlfn.XLOOKUP(B33,点位均值!$A:$A,点位均值!$C:$C,"无匹配") -> 4.0031332
A34: 55 | B34: 上海市徐汇区湖南路街道延庆路147号 | C34: A2 商业界面 | D34: B1b 区域后退 | E34: B2b 橱窗 | G34: B3b-ii 招牌 | I34: C2 开间尺度（单个店面或小片连续界面） | J34: D2 行道树；D4 电线杆 | K34: ==IF(TRIM(CLEAN(J34))="","",(IF(ISNUMBER(SEARCH("公共座椅",TRIM(CLEAN(J34)))),2,0)+IF(ISNUMBER(SEARCH("行道树",TRIM(CLEAN(J34)))),1,0)+IF(ISNUMBER(SEARCH("花坛",TRIM(CLEAN(J34)))),0.75,0)+IF(ISNUMBER(SEARCH("电线杆",TRIM(CLEAN(J34)))),0.4,0)+IF(ISNUMBER(SEARCH("路灯",TRIM(CLEAN(J34)))),0.45,0)+IF(ISNUMBER(SEARCH("共享单车",TRIM(CLEAN(J34)))),0.35,0)+IF(ISNUMBER(SEARCH("垃圾桶",TRIM(CLEAN(J34)))),-0.5,0))/(1+LN(1+(LEN(TRIM(CLEAN(J34)))-LEN(SUBSTITUTE(TRIM(CLEAN(J34)),";",""))+1)))) -> 0.82686255 | L34: 39 | M34: 0 | N34: 89 | O34: 其他 | P34: 1 | Q34: 1 | R34: 0 | S34: 0 | T34: 0 | U34: 3.5 | V34: 3 | W34: 3 | X34: 界面连续无分隔 | Y34: 7ee08960219183f8c9c99be9fe21e3d5.jpg | Z34: 2 | AA34: 2 | AB34: 3.5 | AC34: 无座位，站立停留拍照打卡，无围合、抬升、无特殊铺地 | AD34: 7ee08960219183f8c9c99be9fe21e3d5.jpg | AE34: 其他 | AF34: 0 | AG34: 3.5 | AH34: 3.5 | AI34: 4 | AJ34: 2 | AK34: 0 | AL34: 4 | AM34: 0 | AN34: 4 | AO34: 0 | AP34: 0 | AQ34: 2 | AR34: 2 | AS34: 0 | AT34: 0 | AU34: 4 | AV34: 0 | AW34: 0 | AX34: 0 | AY34: 4 | AZ34: 0 | BA34: 0 | BB34: 0 | BC34: 0 | BD34: 0 | BE34: 0 | BF34: 0 | BG34: 0 | BH34: 2 | BI34: 0 | BJ34: ==AI34 -> 4 | BK34: ==BJ34/N34 -> 0.04494382 | BL34: ==AL34/AI34 -> 1 | BM34: ==IF(BJ34=0,0,AM34/BJ34) -> 0 | BN34: ==IF(BJ34=0,0,AN34/BJ34) -> 1 | BO34: ==IF(BJ34=0,0,AO34/BJ34) -> 0 | BP34: ==IF(BJ34=0,0,AP34/BJ34) -> 0 | BQ34: ==-IF(BM34=0,0,BM34*LN(BM34))-IF(BN34=0,0,BN34*LN(BN34))-IF(BO34=0,0,BO34*LN(BO34))-IF(BP34=0,0,BP34*LN(BP34)) -> 0 | BR34: ==IF(BJ34=0,0,BQ34/LN(4)*100) -> 0 | BS34: ==_xlfn.XLOOKUP(B34,点位均值!$A:$A,点位均值!$B:$B,"无匹配") -> 0.56674938 | BT34: ==_xlfn.XLOOKUP(B34,点位均值!$A:$A,点位均值!$C:$C,"无匹配") -> 4.1065274
A35: 61 | B35: 上海市静安区南京西路街道富民路160号 | C35: A2 商业界面 | D35: B1a 无后退 | E35: B2d 完全开敞 | F35: B3a-ii 外摆在外侧 | I35: C2 开间尺度（单个店面或小片连续界面） | J35: D2 行道树；D4 电线杆 | K35: ==IF(TRIM(CLEAN(J35))="","",(IF(ISNUMBER(SEARCH("公共座椅",TRIM(CLEAN(J35)))),2,0)+IF(ISNUMBER(SEARCH("行道树",TRIM(CLEAN(J35)))),1,0)+IF(ISNUMBER(SEARCH("花坛",TRIM(CLEAN(J35)))),0.75,0)+IF(ISNUMBER(SEARCH("电线杆",TRIM(CLEAN(J35)))),0.4,0)+IF(ISNUMBER(SEARCH("路灯",TRIM(CLEAN(J35)))),0.45,0)+IF(ISNUMBER(SEARCH("共享单车",TRIM(CLEAN(J35)))),0.35,0)+IF(ISNUMBER(SEARCH("垃圾桶",TRIM(CLEAN(J35)))),-0.5,0))/(1+LN(1+(LEN(TRIM(CLEAN(J35)))-LEN(SUBSTITUTE(TRIM(CLEAN(J35)),";",""))+1)))) -> 0.82686255 | L35: 12.8 | M35: 0 | N35: 21.3 | O35: 餐饮/饮品；零售 | P35: 2 | Q35: 4 | R35: 67 | S35: 100 | T35: 6 | U35: 3.3 | V35: 4.7 | W35: 4.7 | X35: 界面连续均为店铺 | Y35: 373a30ad51ed4443ec01ce20a405f244.jpg | Z35: 4.3 | AA35: 3.3 | AB35: 3.3 | AC35: 座位设置在马路边，无特殊铺地、无围合、无抬升 | AD35: 373a30ad51ed4443ec01ce20a405f244.jpg | AE35: 其他 | AF35: 10 | AG35: 4 | AH35: 4 | AI35: 6 | AJ35: 3 | AK35: 0 | AL35: 6 | AM35: 0 | AN35: 6 | AO35: 0 | AP35: 0 | AQ35: 0 | AR35: 6 | AS35: 0 | AT35: 6 | AU35: 0 | AV35: 0 | AW35: 0 | AX35: 6 | AY35: 0 | AZ35: 6 | BA35: 0 | BB35: 0 | BC35: 0 | BD35: 0 | BE35: 0 | BF35: 0 | BG35: 0 | BH35: 0 | BI35: 0 | BJ35: ==AI35 -> 6 | BK35: ==BJ35/N35 -> 0.28169014 | BL35: ==AL35/AI35 -> 1 | BM35: ==IF(BJ35=0,0,AM35/BJ35) -> 0 | BN35: ==IF(BJ35=0,0,AN35/BJ35) -> 1 | BO35: ==IF(BJ35=0,0,AO35/BJ35) -> 0 | BP35: ==IF(BJ35=0,0,AP35/BJ35) -> 0 | BQ35: ==-IF(BM35=0,0,BM35*LN(BM35))-IF(BN35=0,0,BN35*LN(BN35))-IF(BO35=0,0,BO35*LN(BO35))-IF(BP35=0,0,BP35*LN(BP35)) -> 0 | BR35: ==IF(BJ35=0,0,BQ35/LN(4)*100) -> 0 | BS35: ==_xlfn.XLOOKUP(B35,点位均值!$A:$A,点位均值!$B:$B,"无匹配") -> 1.3282878 | BT35: ==_xlfn.XLOOKUP(B35,点位均值!$A:$A,点位均值!$C:$C,"无匹配") -> 2.9691906
A36: 64 | B36: 上海市静安区南京西路街道巨鹿路542号 | C36: A2 商业界面 | D36: B1b 区域后退 | E36: B2d 完全开敞 | F36: B3a-i 外摆在内侧 | I36: C2 开间尺度（单个店面或小片连续界面） | J36: D2 行道树；D4 电线杆 | K36: ==IF(TRIM(CLEAN(J36))="","",(IF(ISNUMBER(SEARCH("公共座椅",TRIM(CLEAN(J36)))),2,0)+IF(ISNUMBER(SEARCH("行道树",TRIM(CLEAN(J36)))),1,0)+IF(ISNUMBER(SEARCH("花坛",TRIM(CLEAN(J36)))),0.75,0)+IF(ISNUMBER(SEARCH("电线杆",TRIM(CLEAN(J36)))),0.4,0)+IF(ISNUMBER(SEARCH("路灯",TRIM(CLEAN(J36)))),0.45,0)+IF(ISNUMBER(SEARCH("共享单车",TRIM(CLEAN(J36)))),0.35,0)+IF(ISNUMBER(SEARCH("垃圾桶",TRIM(CLEAN(J36)))),-0.5,0))/(1+LN(1+(LEN(TRIM(CLEAN(J36)))-LEN(SUBSTITUTE(TRIM(CLEAN(J36)),";",""))+1)))) -> 0.82686255 | L36: 18 | M36: 1 | N36: 21.3 | O36: 餐饮/饮品 | P36: 3 | Q36: 2 | R36: 87 | S36: 100 | T36: 3 | U36: 5 | V36: 4 | W36: 5 | X36: 界面断裂，为居住小区入口 | Y36: 739.jpg | Z36: 4 | AA36: 3 | AB36: 5 | AC36: 座位停留处有抬升、有围合、存在区别于人行道的铺地 | AD36: 739.jpg | AE36: 树木；建筑 | AF36: 70 | AG36: 4 | AH36: 3 | AI36: 3 | AJ36: 1 | AK36: 1 | AL36: 2 | AM36: 0 | AN36: 0 | AO36: 3 | AP36: 0 | AQ36: 2 | AR36: 1 | AS36: 0 | AT36: 2 | AU36: 1 | AV36: 1 | AW36: 0 | AX36: 0 | AY36: 0 | AZ36: 2 | BA36: 0 | BB36: 2 | BC36: 0 | BD36: 0 | BE36: 0 | BF36: 0 | BG36: 0 | BH36: 0 | BI36: 0 | BJ36: ==AI36 -> 3 | BK36: ==BJ36/N36 -> 0.14084507 | BL36: ==AL36/AI36 -> 0.66666667 | BM36: ==IF(BJ36=0,0,AM36/BJ36) -> 0 | BN36: ==IF(BJ36=0,0,AN36/BJ36) -> 0 | BO36: ==IF(BJ36=0,0,AO36/BJ36) -> 1 | BP36: ==IF(BJ36=0,0,AP36/BJ36) -> 0 | BQ36: ==-IF(BM36=0,0,BM36*LN(BM36))-IF(BN36=0,0,BN36*LN(BN36))-IF(BO36=0,0,BO36*LN(BO36))-IF(BP36=0,0,BP36*LN(BP36)) -> 0 | BR36: ==IF(BJ36=0,0,BQ36/LN(4)*100) -> 0 | BS36: ==_xlfn.XLOOKUP(B36,点位均值!$A:$A,点位均值!$B:$B,"无匹配") -> 2.1799007 | BT36: ==_xlfn.XLOOKUP(B36,点位均值!$A:$A,点位均值!$C:$C,"无匹配") -> 2.1420366
A37: 71 | B37: 上海市黄浦区瑞金二路街道茂名南路132号 | C37: A2 商业界面 | D37: B1a 无后退 | E37: B2b 橱窗 | F37: B3a-ii 外摆在外侧 | I37: C2 开间尺度（单个店面或小片连续界面） | J37: D2 行道树；D4 电线杆 | K37: ==IF(TRIM(CLEAN(J37))="","",(IF(ISNUMBER(SEARCH("公共座椅",TRIM(CLEAN(J37)))),2,0)+IF(ISNUMBER(SEARCH("行道树",TRIM(CLEAN(J37)))),1,0)+IF(ISNUMBER(SEARCH("花坛",TRIM(CLEAN(J37)))),0.75,0)+IF(ISNUMBER(SEARCH("电线杆",TRIM(CLEAN(J37)))),0.4,0)+IF(ISNUMBER(SEARCH("路灯",TRIM(CLEAN(J37)))),0.45,0)+IF(ISNUMBER(SEARCH("共享单车",TRIM(CLEAN(J37)))),0.35,0)+IF(ISNUMBER(SEARCH("垃圾桶",TRIM(CLEAN(J37)))),-0.5,0))/(1+LN(1+(LEN(TRIM(CLEAN(J37)))-LEN(SUBSTITUTE(TRIM(CLEAN(J37)),";",""))+1)))) -> 0.82686255 | L37: 7 | M37: 0 | N37: 8 | O37: 餐饮/饮品 | P37: 1 | Q37: 2 | T37: 20 | U37: 4 | V37: 4 | W37: 3 | Z37: 2 | AA37: 1 | AB37: 4 | AE37: 树木；建筑 | AF37: 80 | AG37: 2 | AH37: 4 | AI37: 17 | AJ37: 3 | AK37: 8 | AL37: 9 | AM37: 0 | AN37: 7 | AO37: 10 | AP37: 0 | AQ37: 9 | AR37: 8 | AS37: 0 | AT37: 12 | AU37: 5 | AV37: 0 | AW37: 1 | AX37: 11 | AY37: 1 | AZ37: 2 | BA37: 0 | BB37: 3 | BC37: 2 | BD37: 0 | BE37: 0 | BF37: 0 | BG37: 0 | BH37: 0 | BI37: 1 | BJ37: ==AI37 -> 17 | BK37: ==BJ37/N37 -> 2.125 | BL37: ==AL37/AI37 -> 0.52941176 | BM37: ==IF(BJ37=0,0,AM37/BJ37) -> 0 | BN37: ==IF(BJ37=0,0,AN37/BJ37) -> 0.41176471 | BO37: ==IF(BJ37=0,0,AO37/BJ37) -> 0.58823529 | BP37: ==IF(BJ37=0,0,AP37/BJ37) -> 0 | BQ37: ==-IF(BM37=0,0,BM37*LN(BM37))-IF(BN37=0,0,BN37*LN(BN37))-IF(BO37=0,0,BO37*LN(BO37))-IF(BP37=0,0,BP37*LN(BP37)) -> 0.6774944 | BR37: ==IF(BJ37=0,0,BQ37/LN(4)*100) -> 48.870891 | BS37: ==_xlfn.XLOOKUP(B37,点位均值!$A:$A,点位均值!$B:$B,"无匹配") -> 1.0262735 | BT37: ==_xlfn.XLOOKUP(B37,点位均值!$A:$A,点位均值!$C:$C,"无匹配") -> 2.1496391
A38: 97 | B38: 上海市徐汇区天平路街道陕西南路287弄12号 | C38: A4 基础设施界面 | D38: B1a 无后退 | E38: B2b 橱窗 | I38: C4 组团尺度（院落或街区） | J38: D2 行道树；D4 电线杆 | K38: ==IF(TRIM(CLEAN(J38))="","",(IF(ISNUMBER(SEARCH("公共座椅",TRIM(CLEAN(J38)))),2,0)+IF(ISNUMBER(SEARCH("行道树",TRIM(CLEAN(J38)))),1,0)+IF(ISNUMBER(SEARCH("花坛",TRIM(CLEAN(J38)))),0.75,0)+IF(ISNUMBER(SEARCH("电线杆",TRIM(CLEAN(J38)))),0.4,0)+IF(ISNUMBER(SEARCH("路灯",TRIM(CLEAN(J38)))),0.45,0)+IF(ISNUMBER(SEARCH("共享单车",TRIM(CLEAN(J38)))),0.35,0)+IF(ISNUMBER(SEARCH("垃圾桶",TRIM(CLEAN(J38)))),-0.5,0))/(1+LN(1+(LEN(TRIM(CLEAN(J38)))-LEN(SUBSTITUTE(TRIM(CLEAN(J38)),";",""))+1)))) -> 0.82686255 | L38: 12 | M38: 0 | N38: 20 | O38: 零售 | P38: 2 | Q38: 4 | R38: 150 | S38: 10 | T38: 10 | U38: 4 | V38: 2 | W38: 2 | X38: 店铺在二楼，通过窄入口上楼，楼下大橱窗有长椅，店铺暂时歇业 | Z38: 4 | AA38: 4 | AB38: 5 | AC38: 地面平整，铺地有颜色变化 | AE38: 树木；建筑 | AF38: 90 | AG38: 4 | AH38: 3 | AI38: 7 | AJ38: 2 | AK38: 2 | AL38: 5 | AM38: 0 | AN38: 1 | AO38: 4 | AP38: 2 | AQ38: 2 | AR38: 5 | AS38: 0 | AT38: 4 | AU38: 3 | AV38: 0 | AW38: 1 | AX38: 0 | AY38: 0 | AZ38: 5 | BA38: 0 | BB38: 0 | BC38: 5 | BD38: 0 | BE38: 0 | BF38: 0 | BG38: 0 | BH38: 0 | BI38: 0 | BJ38: ==AI38 -> 7 | BK38: ==BJ38/N38 -> 0.35 | BL38: ==AL38/AI38 -> 0.71428571 | BM38: ==IF(BJ38=0,0,AM38/BJ38) -> 0 | BN38: ==IF(BJ38=0,0,AN38/BJ38) -> 0.14285714 | BO38: ==IF(BJ38=0,0,AO38/BJ38) -> 0.57142857 | BP38: ==IF(BJ38=0,0,AP38/BJ38) -> 0.28571429 | BQ38: ==-IF(BM38=0,0,BM38*LN(BM38))-IF(BN38=0,0,BN38*LN(BN38))-IF(BO38=0,0,BO38*LN(BO38))-IF(BP38=0,0,BP38*LN(BP38)) -> 0.95569989 | BR38: ==IF(BJ38=0,0,BQ38/LN(4)*100) -> 68.939175 | BS38: ==_xlfn.XLOOKUP(B38,点位均值!$A:$A,点位均值!$B:$B,"无匹配") -> 3.0689472 | BT38: ==_xlfn.XLOOKUP(B38,点位均值!$A:$A,点位均值!$C:$C,"无匹配") -> 1.181947
A39: 107 | B39: 上海市徐汇区天平路街道襄阳南路4号 | C39: A2 商业界面 | D39: B1a 无后退 | E39: B2b 橱窗 | F39: B3a-i 外摆在内侧 | I39: C2 开间尺度（单个店面或小片连续界面） | J39: D2 行道树；D4 电线杆 | K39: ==IF(TRIM(CLEAN(J39))="","",(IF(ISNUMBER(SEARCH("公共座椅",TRIM(CLEAN(J39)))),2,0)+IF(ISNUMBER(SEARCH("行道树",TRIM(CLEAN(J39)))),1,0)+IF(ISNUMBER(SEARCH("花坛",TRIM(CLEAN(J39)))),0.75,0)+IF(ISNUMBER(SEARCH("电线杆",TRIM(CLEAN(J39)))),0.4,0)+IF(ISNUMBER(SEARCH("路灯",TRIM(CLEAN(J39)))),0.45,0)+IF(ISNUMBER(SEARCH("共享单车",TRIM(CLEAN(J39)))),0.35,0)+IF(ISNUMBER(SEARCH("垃圾桶",TRIM(CLEAN(J39)))),-0.5,0))/(1+LN(1+(LEN(TRIM(CLEAN(J39)))-LEN(SUBSTITUTE(TRIM(CLEAN(J39)),";",""))+1)))) -> 0.82686255 | L39: 1.5 | M39: 0 | N39: 1.5 | O39: 其他 | P39: 1 | Q39: 1 | R39: 0 | S39: 0 | T39: 4 | U39: 3 | V39: 3 | W39: 3 | X39: 连续性很好 | Z39: 4 | AA39: 2 | AB39: 3 | AC39: 无特殊处理 | AE39: 树木 | AF39: 50 | AG39: 3 | AH39: 3 | BJ39: ==AI39 -> 0 | BK39: ==BJ39/N39 -> 0 | BL39: ==AL39/AI39 -> #DIV/0! | BM39: ==IF(BJ39=0,0,AM39/BJ39) -> 0 | BN39: ==IF(BJ39=0,0,AN39/BJ39) -> 0 | BO39: ==IF(BJ39=0,0,AO39/BJ39) -> 0 | BP39: ==IF(BJ39=0,0,AP39/BJ39) -> 0 | BQ39: ==-IF(BM39=0,0,BM39*LN(BM39))-IF(BN39=0,0,BN39*LN(BN39))-IF(BO39=0,0,BO39*LN(BO39))-IF(BP39=0,0,BP39*LN(BP39)) -> 0 | BR39: ==IF(BJ39=0,0,BQ39/LN(4)*100) -> 0 | BS39: ==_xlfn.XLOOKUP(B39,点位均值!$A:$A,点位均值!$B:$B,"无匹配") -> 无匹配 | BT39: ==_xlfn.XLOOKUP(B39,点位均值!$A:$A,点位均值!$C:$C,"无匹配") -> 无匹配
A40: 130 | B40: 上海市徐汇区天平路街道永嘉路354号 | C40: A2 商业界面 | D40: B1a 无后退 | E40: B2b 橱窗 | G40: B3b-i 雨棚；B3b-ii 招牌 | I40: C2 开间尺度（单个店面或小片连续界面） | J40: D2 行道树；D4 电线杆 | K40: ==IF(TRIM(CLEAN(J40))="","",(IF(ISNUMBER(SEARCH("公共座椅",TRIM(CLEAN(J40)))),2,0)+IF(ISNUMBER(SEARCH("行道树",TRIM(CLEAN(J40)))),1,0)+IF(ISNUMBER(SEARCH("花坛",TRIM(CLEAN(J40)))),0.75,0)+IF(ISNUMBER(SEARCH("电线杆",TRIM(CLEAN(J40)))),0.4,0)+IF(ISNUMBER(SEARCH("路灯",TRIM(CLEAN(J40)))),0.45,0)+IF(ISNUMBER(SEARCH("共享单车",TRIM(CLEAN(J40)))),0.35,0)+IF(ISNUMBER(SEARCH("垃圾桶",TRIM(CLEAN(J40)))),-0.5,0))/(1+LN(1+(LEN(TRIM(CLEAN(J40)))-LEN(SUBSTITUTE(TRIM(CLEAN(J40)),";",""))+1)))) -> 0.82686255 | L40: 15 | M40: 1.7 | N40: 22 | O40: 餐饮/饮品 | P40: 1 | Q40: 4 | R40: 72 | S40: 70 | T40: 9 | U40: 5 | V40: 3 | W40: 3 | X40: 沿街立面整体连续，店铺与老式围墙交替出现，局部存在出入口缺口 | Z40: 4 | AA40: 5 | AB40: 5 | AC40: 人行道平整开阔，商铺雨棚形成轻度围合 | AE40: 树木；雨棚 | AF40: 70 | AG40: 4 | AH40: 4 | AI40: 2 | AJ40: 0 | AK40: 2 | AL40: 0 | AM40: 0 | AN40: 0 | AO40: 2 | AP40: 0 | AQ40: 1 | AR40: 1 | AS40: 0 | AT40: 2 | AU40: 0 | AV40: 0 | AW40: 0 | AX40: 0 | AY40: 0 | AZ40: 0 | BA40: 0 | BB40: 0 | BC40: 2 | BD40: 0 | BE40: 0 | BF40: 0 | BG40: 0 | BH40: 0 | BI40: 0 | BJ40: ==AI40 -> 2 | BK40: ==BJ40/N40 -> 0.090909091 | BL40: ==AL40/AI40 -> 0 | BM40: ==IF(BJ40=0,0,AM40/BJ40) -> 0 | BN40: ==IF(BJ40=0,0,AN40/BJ40) -> 0 | BO40: ==IF(BJ40=0,0,AO40/BJ40) -> 1 | BP40: ==IF(BJ40=0,0,AP40/BJ40) -> 0 | BQ40: ==-IF(BM40=0,0,BM40*LN(BM40))-IF(BN40=0,0,BN40*LN(BN40))-IF(BO40=0,0,BO40*LN(BO40))-IF(BP40=0,0,BP40*LN(BP40)) -> 0 | BR40: ==IF(BJ40=0,0,BQ40/LN(4)*100) -> 0 | BS40: ==_xlfn.XLOOKUP(B40,点位均值!$A:$A,点位均值!$B:$B,"无匹配") -> 1.2791563 | BT40: ==_xlfn.XLOOKUP(B40,点位均值!$A:$A,点位均值!$C:$C,"无匹配") -> 1.3665796
A41: 14 | B41: 上海市徐汇区湖南路街道乌鲁木齐中路146号 | C41: A2 商业界面 | D41: B1b 区域后退 | E41: B2b 橱窗 | F41: B3a-i 外摆在内侧 | I41: C2 开间尺度（单个店面或小片连续界面） | J41: D2 行道树；D6 共享单车 | K41: ==IF(TRIM(CLEAN(J41))="","",(IF(ISNUMBER(SEARCH("公共座椅",TRIM(CLEAN(J41)))),2,0)+IF(ISNUMBER(SEARCH("行道树",TRIM(CLEAN(J41)))),1,0)+IF(ISNUMBER(SEARCH("花坛",TRIM(CLEAN(J41)))),0.75,0)+IF(ISNUMBER(SEARCH("电线杆",TRIM(CLEAN(J41)))),0.4,0)+IF(ISNUMBER(SEARCH("路灯",TRIM(CLEAN(J41)))),0.45,0)+IF(ISNUMBER(SEARCH("共享单车",TRIM(CLEAN(J41)))),0.35,0)+IF(ISNUMBER(SEARCH("垃圾桶",TRIM(CLEAN(J41)))),-0.5,0))/(1+LN(1+(LEN(TRIM(CLEAN(J41)))-LEN(SUBSTITUTE(TRIM(CLEAN(J41)),";",""))+1)))) -> 0.79733175 | L41: 8 | M41: 0 | N41: 20 | O41: 餐饮/饮品 | P41: 1 | Q41: 5 | R41: 53 | S41: 10 | T41: 2 | U41: 3 | V41: 5 | W41: 5 | X41: 界面连续性较强 | Y41: 146.jpg | Z41: 4 | AA41: 2 | AB41: 2 | AC41: 无特殊抬升、铺地 围合 | AD41: 146.jpg | AE41: 树木；雨棚 | AF41: 30 | AG41: 4 | AH41: 3 | AI41: 3 | AJ41: 1 | AK41: 0 | AL41: 3 | AM41: 1 | AN41: 1 | AO41: 1 | AP41: 0 | AQ41: 1 | AR41: 2 | AS41: 0 | AT41: 2 | AU41: 1 | AV41: 2 | AW41: 0 | AX41: 0 | AY41: 0 | AZ41: 3 | BA41: 0 | BB41: 0 | BC41: 3 | BD41: 0 | BE41: 0 | BF41: 0 | BG41: 0 | BH41: 0 | BI41: 0 | BJ41: ==AI41 -> 3 | BK41: ==BJ41/N41 -> 0.15 | BL41: ==AL41/AI41 -> 1 | BM41: ==IF(BJ41=0,0,AM41/BJ41) -> 0.33333333 | BN41: ==IF(BJ41=0,0,AN41/BJ41) -> 0.33333333 | BO41: ==IF(BJ41=0,0,AO41/BJ41) -> 0.33333333 | BP41: ==IF(BJ41=0,0,AP41/BJ41) -> 0 | BQ41: ==-IF(BM41=0,0,BM41*LN(BM41))-IF(BN41=0,0,BN41*LN(BN41))-IF(BO41=0,0,BO41*LN(BO41))-IF(BP41=0,0,BP41*LN(BP41)) -> 1.0986123 | BR41: ==IF(BJ41=0,0,BQ41/LN(4)*100) -> 79.248125 | BS41: ==_xlfn.XLOOKUP(B41,点位均值!$A:$A,点位均值!$B:$B,"无匹配") -> 3.8995037 | BT41: ==_xlfn.XLOOKUP(B41,点位均值!$A:$A,点位均值!$C:$C,"无匹配") -> 4.6407311
A42: 28 | B42: 上海市徐汇区湖南路街道五原路127号 | C42: A2 商业界面 | D42: B1a 无后退 | E42: B2b 橱窗 | I42: C1 构件尺度（窗口、洞口、座椅） | J42: D2 行道树；D6 共享单车 | K42: ==IF(TRIM(CLEAN(J42))="","",(IF(ISNUMBER(SEARCH("公共座椅",TRIM(CLEAN(J42)))),2,0)+IF(ISNUMBER(SEARCH("行道树",TRIM(CLEAN(J42)))),1,0)+IF(ISNUMBER(SEARCH("花坛",TRIM(CLEAN(J42)))),0.75,0)+IF(ISNUMBER(SEARCH("电线杆",TRIM(CLEAN(J42)))),0.4,0)+IF(ISNUMBER(SEARCH("路灯",TRIM(CLEAN(J42)))),0.45,0)+IF(ISNUMBER(SEARCH("共享单车",TRIM(CLEAN(J42)))),0.35,0)+IF(ISNUMBER(SEARCH("垃圾桶",TRIM(CLEAN(J42)))),-0.5,0))/(1+LN(1+(LEN(TRIM(CLEAN(J42)))-LEN(SUBSTITUTE(TRIM(CLEAN(J42)),";",""))+1)))) -> 0.79733175 | L42: 3 | M42: 0 | N42: 1 | O42: 餐饮/饮品 | P42: 2 | Q42: 5 | R42: 30 | S42: 100 | T42: 3 | U42: 5 | V42: 3 | W42: 1 | X42: 左右两边都有连续界面 | Z42: 3 | AA42: 3 | AB42: 5 | AE42: 树木 | AF42: 90 | AG42: 3 | AH42: 3 | AI42: 1 | AJ42: 1 | AK42: 0 | AL42: 1 | AM42: 0 | AN42: 1 | AO42: 0 | AP42: 0 | AQ42: 0 | AR42: 1 | AS42: 0 | AT42: 0 | AU42: 1 | AV42: 0 | AW42: 0 | AX42: 0 | AY42: 0 | AZ42: 0 | BA42: 0 | BB42: 0 | BC42: 0 | BD42: 0 | BE42: 0 | BF42: 0 | BG42: 0 | BH42: 0 | BI42: 1 | BJ42: ==AI42 -> 1 | BK42: ==BJ42/N42 -> 1 | BL42: ==AL42/AI42 -> 1 | BM42: ==IF(BJ42=0,0,AM42/BJ42) -> 0 | BN42: ==IF(BJ42=0,0,AN42/BJ42) -> 1 | BO42: ==IF(BJ42=0,0,AO42/BJ42) -> 0 | BP42: ==IF(BJ42=0,0,AP42/BJ42) -> 0 | BQ42: ==-IF(BM42=0,0,BM42*LN(BM42))-IF(BN42=0,0,BN42*LN(BN42))-IF(BO42=0,0,BO42*LN(BO42))-IF(BP42=0,0,BP42*LN(BP42)) -> 0 | BR42: ==IF(BJ42=0,0,BQ42/LN(4)*100) -> 0 | BS42: ==_xlfn.XLOOKUP(B42,点位均值!$A:$A,点位均值!$B:$B,"无匹配") -> 0.54218362 | BT42: ==_xlfn.XLOOKUP(B42,点位均值!$A:$A,点位均值!$C:$C,"无匹配") -> 2.1420366
A43: 52 | B43: 上海市徐汇区湖南路街道延庆路41号 | C43: A2 商业界面 | D43: B1a 无后退 | E43: B2c 墙面开洞 | I43: C1 构件尺度（窗口、洞口、座椅） | J43: D2 行道树；D6 共享单车 | K43: ==IF(TRIM(CLEAN(J43))="","",(IF(ISNUMBER(SEARCH("公共座椅",TRIM(CLEAN(J43)))),2,0)+IF(ISNUMBER(SEARCH("行道树",TRIM(CLEAN(J43)))),1,0)+IF(ISNUMBER(SEARCH("花坛",TRIM(CLEAN(J43)))),0.75,0)+IF(ISNUMBER(SEARCH("电线杆",TRIM(CLEAN(J43)))),0.4,0)+IF(ISNUMBER(SEARCH("路灯",TRIM(CLEAN(J43)))),0.45,0)+IF(ISNUMBER(SEARCH("共享单车",TRIM(CLEAN(J43)))),0.35,0)+IF(ISNUMBER(SEARCH("垃圾桶",TRIM(CLEAN(J43)))),-0.5,0))/(1+LN(1+(LEN(TRIM(CLEAN(J43)))-LEN(SUBSTITUTE(TRIM(CLEAN(J43)),";",""))+1)))) -> 0.79733175 | L43: 27 | M43: 0.4 | N43: 54.4 | O43: 零售 | P43: 1 | Q43: 4 | R43: 200 | S43: 0 | T43: 4 | U43: 3.7 | V43: 4 | W43: 3.3 | X43: 界面不连续，入口退让成三角型灰空间 | Y43: 928fd9adbfd12318bde70886fd224a8e.jpg | Z43: 3.3 | AA43: 3.7 | AB43: 3.3 | AC43: 停留处有围合，无座位抬升，无特殊铺地 | AD43: 928fd9adbfd12318bde70886fd224a8e.jpg | AE43: 树木；建筑 | AF43: 80 | AG43: 2.7 | AH43: 3.3 | AI43: 3 | AJ43: 1 | AK43: 0 | AL43: 3 | AM43: 0 | AN43: 3 | AO43: 0 | AP43: 0 | AQ43: 0 | AR43: 3 | AS43: 0 | AT43: 1 | AU43: 2 | AV43: 0 | AW43: 0 | AX43: 0 | AY43: 3 | AZ43: 3 | BA43: 0 | BB43: 0 | BC43: 0 | BD43: 0 | BE43: 0 | BF43: 0 | BG43: 0 | BH43: 0 | BI43: 0 | BJ43: ==AI43 -> 3 | BK43: ==BJ43/N43 -> 0.055147059 | BL43: ==AL43/AI43 -> 1 | BM43: ==IF(BJ43=0,0,AM43/BJ43) -> 0 | BN43: ==IF(BJ43=0,0,AN43/BJ43) -> 1 | BO43: ==IF(BJ43=0,0,AO43/BJ43) -> 0 | BP43: ==IF(BJ43=0,0,AP43/BJ43) -> 0 | BQ43: ==-IF(BM43=0,0,BM43*LN(BM43))-IF(BN43=0,0,BN43*LN(BN43))-IF(BO43=0,0,BO43*LN(BO43))-IF(BP43=0,0,BP43*LN(BP43)) -> 0 | BR43: ==IF(BJ43=0,0,BQ43/LN(4)*100) -> 0 | BS43: ==_xlfn.XLOOKUP(B43,点位均值!$A:$A,点位均值!$B:$B,"无匹配") -> 0.88610422 | BT43: ==_xlfn.XLOOKUP(B43,点位均值!$A:$A,点位均值!$C:$C,"无匹配") -> 4.8302872
A44: 53 | B44: 上海市徐汇区湖南路街道延庆路92号 | C44: A2 商业界面 | D44: B1b 区域后退 | E44: B2c 墙面开洞 | I44: C2 开间尺度（单个店面或小片连续界面） | J44: D2 行道树；D6 共享单车 | K44: ==IF(TRIM(CLEAN(J44))="","",(IF(ISNUMBER(SEARCH("公共座椅",TRIM(CLEAN(J44)))),2,0)+IF(ISNUMBER(SEARCH("行道树",TRIM(CLEAN(J44)))),1,0)+IF(ISNUMBER(SEARCH("花坛",TRIM(CLEAN(J44)))),0.75,0)+IF(ISNUMBER(SEARCH("电线杆",TRIM(CLEAN(J44)))),0.4,0)+IF(ISNUMBER(SEARCH("路灯",TRIM(CLEAN(J44)))),0.45,0)+IF(ISNUMBER(SEARCH("共享单车",TRIM(CLEAN(J44)))),0.35,0)+IF(ISNUMBER(SEARCH("垃圾桶",TRIM(CLEAN(J44)))),-0.5,0))/(1+LN(1+(LEN(TRIM(CLEAN(J44)))-LEN(SUBSTITUTE(TRIM(CLEAN(J44)),";",""))+1)))) -> 0.79733175 | L44: 24 | M44: 0 | N44: 39.4 | O44: 零售 | P44: 2 | Q44: 5 | R44: 350 | S44: 0 | T44: 6 | U44: 4 | V44: 4 | W44: 3 | X44: 界面存在断裂，是居住小区的入口门 | Y44: IMG_5831.jpg | Z44: 4 | AA44: 3 | AB44: 4 | AC44: 橱窗处有座位停留，有围合，无抬升、无特殊铺地 | AD44: IMG_5831.jpg | AE44: 树木；建筑 | AF44: 30 | AG44: 3 | AH44: 3 | AI44: 4 | AJ44: 2 | AK44: 0 | AL44: 4 | AM44: 0 | AN44: 4 | AO44: 0 | AP44: 0 | AQ44: 3 | AR44: 1 | AS44: 0 | AT44: 2 | AU44: 2 | AV44: 0 | AW44: 0 | AX44: 2 | AY44: 0 | AZ44: 3 | BA44: 0 | BB44: 0 | BC44: 0 | BD44: 0 | BE44: 0 | BF44: 0 | BG44: 0 | BH44: 0 | BI44: 0 | BJ44: ==AI44 -> 4 | BK44: ==BJ44/N44 -> 0.10152284 | BL44: ==AL44/AI44 -> 1 | BM44: ==IF(BJ44=0,0,AM44/BJ44) -> 0 | BN44: ==IF(BJ44=0,0,AN44/BJ44) -> 1 | BO44: ==IF(BJ44=0,0,AO44/BJ44) -> 0 | BP44: ==IF(BJ44=0,0,AP44/BJ44) -> 0 | BQ44: ==-IF(BM44=0,0,BM44*LN(BM44))-IF(BN44=0,0,BN44*LN(BN44))-IF(BO44=0,0,BO44*LN(BO44))-IF(BP44=0,0,BP44*LN(BP44)) -> 0 | BR44: ==IF(BJ44=0,0,BQ44/LN(4)*100) -> 0 | BS44: ==_xlfn.XLOOKUP(B44,点位均值!$A:$A,点位均值!$B:$B,"无匹配") -> 0.88610422 | BT44: ==_xlfn.XLOOKUP(B44,点位均值!$A:$A,点位均值!$C:$C,"无匹配") -> 1.7284595
A45: 59 | B45: 上海市徐汇区湖南路街道长乐路615号 | C45: A2 商业界面 | D45: B1d 整体后退 | E45: B2d 完全开敞 | I45: C1 构件尺度（窗口、洞口、座椅） | J45: D2 行道树；D6 共享单车 | K45: ==IF(TRIM(CLEAN(J45))="","",(IF(ISNUMBER(SEARCH("公共座椅",TRIM(CLEAN(J45)))),2,0)+IF(ISNUMBER(SEARCH("行道树",TRIM(CLEAN(J45)))),1,0)+IF(ISNUMBER(SEARCH("花坛",TRIM(CLEAN(J45)))),0.75,0)+IF(ISNUMBER(SEARCH("电线杆",TRIM(CLEAN(J45)))),0.4,0)+IF(ISNUMBER(SEARCH("路灯",TRIM(CLEAN(J45)))),0.45,0)+IF(ISNUMBER(SEARCH("共享单车",TRIM(CLEAN(J45)))),0.35,0)+IF(ISNUMBER(SEARCH("垃圾桶",TRIM(CLEAN(J45)))),-0.5,0))/(1+LN(1+(LEN(TRIM(CLEAN(J45)))-LEN(SUBSTITUTE(TRIM(CLEAN(J45)),";",""))+1)))) -> 0.79733175 | L45: 7.9 | M45: 1 | N45: 13.8 | O45: 餐饮/饮品 | P45: 2 | Q45: 4 | R45: 37 | S45: 0 | T45: 3 | U45: 3 | V45: 2 | W45: 4 | X45: 一侧为内部小区入口，一侧是生活零售 | Z45: 4 | AA45: 4 | AB45: 4 | AC45: 有内退，白色水泥铺地，抬升 | AE45: 树木；建筑 | AF45: 100 | AG45: 4 | AH45: 4 | AI45: 3 | AJ45: 2 | AK45: 1 | AL45: 2 | AM45: 0 | AN45: 3 | AO45: 0 | AP45: 0 | AQ45: 2 | AR45: 1 | AS45: 0 | AT45: 1 | AU45: 2 | AV45: 2 | AW45: 0 | AX45: 0 | AY45: 0 | AZ45: 2 | BA45: 0 | BB45: 1 | BC45: 1 | BD45: 0 | BE45: 0 | BF45: 0 | BG45: 0 | BH45: 0 | BI45: 0 | BJ45: ==AI45 -> 3 | BK45: ==BJ45/N45 -> 0.2173913 | BL45: ==AL45/AI45 -> 0.66666667 | BM45: ==IF(BJ45=0,0,AM45/BJ45) -> 0 | BN45: ==IF(BJ45=0,0,AN45/BJ45) -> 1 | BO45: ==IF(BJ45=0,0,AO45/BJ45) -> 0 | BP45: ==IF(BJ45=0,0,AP45/BJ45) -> 0 | BQ45: ==-IF(BM45=0,0,BM45*LN(BM45))-IF(BN45=0,0,BN45*LN(BN45))-IF(BO45=0,0,BO45*LN(BO45))-IF(BP45=0,0,BP45*LN(BP45)) -> 0 | BR45: ==IF(BJ45=0,0,BQ45/LN(4)*100) -> 0 | BS45: ==_xlfn.XLOOKUP(B45,点位均值!$A:$A,点位均值!$B:$B,"无匹配") -> 1.0007444 | BT45: ==_xlfn.XLOOKUP(B45,点位均值!$A:$A,点位均值!$C:$C,"无匹配") -> 4.3477807
A46: 60 | B46: 上海市静安区南京西路街道富民路142号 | C46: A2 商业界面 | D46: B1a 无后退 | E46: B2d 完全开敞 | F46: B3a-i 外摆在内侧；B3a-ii 外摆在外侧 | I46: C1 构件尺度（窗口、洞口、座椅） | J46: D2 行道树；D6 共享单车 | K46: ==IF(TRIM(CLEAN(J46))="","",(IF(ISNUMBER(SEARCH("公共座椅",TRIM(CLEAN(J46)))),2,0)+IF(ISNUMBER(SEARCH("行道树",TRIM(CLEAN(J46)))),1,0)+IF(ISNUMBER(SEARCH("花坛",TRIM(CLEAN(J46)))),0.75,0)+IF(ISNUMBER(SEARCH("电线杆",TRIM(CLEAN(J46)))),0.4,0)+IF(ISNUMBER(SEARCH("路灯",TRIM(CLEAN(J46)))),0.45,0)+IF(ISNUMBER(SEARCH("共享单车",TRIM(CLEAN(J46)))),0.35,0)+IF(ISNUMBER(SEARCH("垃圾桶",TRIM(CLEAN(J46)))),-0.5,0))/(1+LN(1+(LEN(TRIM(CLEAN(J46)))-LEN(SUBSTITUTE(TRIM(CLEAN(J46)),";",""))+1)))) -> 0.79733175 | L46: 14 | M46: 0.6 | N46: 18.5 | O46: 餐饮/饮品 | P46: 3 | Q46: 5 | R46: 47 | S46: 100 | T46: 8 | U46: 4 | V46: 2 | W46: 3 | X46: 界面连续，均为店铺 | Y46: 735.jpg | Z46: 3 | AA46: 3 | AB46: 3 | AC46: 外摆座椅停留，无特殊围合、铺地、抬升 | AD46: 735.jpg | AE46: 树木；雨棚 | AF46: 60 | AG46: 3 | AH46: 3 | AI46: 4 | AJ46: 2 | AK46: 2 | AL46: 2 | AM46: 0 | AN46: 3 | AO46: 1 | AP46: 0 | AQ46: 1 | AR46: 3 | AS46: 0 | AT46: 4 | AU46: 0 | AV46: 0 | AW46: 0 | AX46: 2 | AY46: 0 | AZ46: 0 | BA46: 0 | BB46: 2 | BC46: 1 | BD46: 0 | BE46: 0 | BF46: 0 | BG46: 0 | BH46: 0 | BI46: 0 | BJ46: ==AI46 -> 4 | BK46: ==BJ46/N46 -> 0.21621622 | BL46: ==AL46/AI46 -> 0.5 | BM46: ==IF(BJ46=0,0,AM46/BJ46) -> 0 | BN46: ==IF(BJ46=0,0,AN46/BJ46) -> 0.75 | BO46: ==IF(BJ46=0,0,AO46/BJ46) -> 0.25 | BP46: ==IF(BJ46=0,0,AP46/BJ46) -> 0 | BQ46: ==-IF(BM46=0,0,BM46*LN(BM46))-IF(BN46=0,0,BN46*LN(BN46))-IF(BO46=0,0,BO46*LN(BO46))-IF(BP46=0,0,BP46*LN(BP46)) -> 0.56233514 | BR46: ==IF(BJ46=0,0,BQ46/LN(4)*100) -> 40.563906 | BS46: ==_xlfn.XLOOKUP(B46,点位均值!$A:$A,点位均值!$B:$B,"无匹配") -> 0.76327543 | BT46: ==_xlfn.XLOOKUP(B46,点位均值!$A:$A,点位均值!$C:$C,"无匹配") -> 2.6331593
A47: 62 | B47: 上海市静安区南京西路街道富民路177号 | C47: A2 商业界面 | D47: B1b 区域后退 | E47: B2d 完全开敞 | F47: B3a-i 外摆在内侧 | I47: C2 开间尺度（单个店面或小片连续界面） | J47: D2 行道树；D6 共享单车 | K47: ==IF(TRIM(CLEAN(J47))="","",(IF(ISNUMBER(SEARCH("公共座椅",TRIM(CLEAN(J47)))),2,0)+IF(ISNUMBER(SEARCH("行道树",TRIM(CLEAN(J47)))),1,0)+IF(ISNUMBER(SEARCH("花坛",TRIM(CLEAN(J47)))),0.75,0)+IF(ISNUMBER(SEARCH("电线杆",TRIM(CLEAN(J47)))),0.4,0)+IF(ISNUMBER(SEARCH("路灯",TRIM(CLEAN(J47)))),0.45,0)+IF(ISNUMBER(SEARCH("共享单车",TRIM(CLEAN(J47)))),0.35,0)+IF(ISNUMBER(SEARCH("垃圾桶",TRIM(CLEAN(J47)))),-0.5,0))/(1+LN(1+(LEN(TRIM(CLEAN(J47)))-LEN(SUBSTITUTE(TRIM(CLEAN(J47)),";",""))+1)))) -> 0.79733175 | L47: 13 | M47: 0.4 | N47: 32 | O47: 餐饮/饮品 | P47: 1 | Q47: 3 | R47: 108 | S47: 100 | T47: 9 | U47: 3 | V47: 2 | W47: 4 | X47: 界面连续均为商铺 | Y47: 26efdf7318c6ac00052c1ee1ab489f9f.jpg | Z47: 2 | AA47: 4 | AB47: 3 | AC47: 有围合、无特殊铺地，无抬升 | AD47: 26efdf7318c6ac00052c1ee1ab489f9f.jpg | AE47: 雨棚 | AF47: 90 | AG47: 4 | AH47: 3 | AI47: 3 | AJ47: 1 | AK47: 1 | AL47: 2 | AM47: 0 | AN47: 3 | AO47: 0 | AP47: 0 | AQ47: 0 | AR47: 3 | AS47: 0 | AT47: 3 | AU47: 0 | AV47: 0 | AW47: 0 | AX47: 3 | AY47: 0 | AZ47: 2 | BA47: 0 | BB47: 0 | BC47: 0 | BD47: 0 | BE47: 0 | BF47: 0 | BG47: 0 | BH47: 0 | BI47: 0 | BJ47: ==AI47 -> 3 | BK47: ==BJ47/N47 -> 0.09375 | BL47: ==AL47/AI47 -> 0.66666667 | BM47: ==IF(BJ47=0,0,AM47/BJ47) -> 0 | BN47: ==IF(BJ47=0,0,AN47/BJ47) -> 1 | BO47: ==IF(BJ47=0,0,AO47/BJ47) -> 0 | BP47: ==IF(BJ47=0,0,AP47/BJ47) -> 0 | BQ47: ==-IF(BM47=0,0,BM47*LN(BM47))-IF(BN47=0,0,BN47*LN(BN47))-IF(BO47=0,0,BO47*LN(BO47))-IF(BP47=0,0,BP47*LN(BP47)) -> 0 | BR47: ==IF(BJ47=0,0,BQ47/LN(4)*100) -> 0 | BS47: ==_xlfn.XLOOKUP(B47,点位均值!$A:$A,点位均值!$B:$B,"无匹配") -> 1.0662531 | BT47: ==_xlfn.XLOOKUP(B47,点位均值!$A:$A,点位均值!$C:$C,"无匹配") -> 2.6934726
A48: 63 | B48: 上海市静安区南京西路街道富民路205号 | C48: A2 商业界面 | D48: B1a 无后退 | E48: B2d 完全开敞 | F48: B3a-i 外摆在内侧 | I48: C2 开间尺度（单个店面或小片连续界面） | J48: D2 行道树；D6 共享单车 | K48: ==IF(TRIM(CLEAN(J48))="","",(IF(ISNUMBER(SEARCH("公共座椅",TRIM(CLEAN(J48)))),2,0)+IF(ISNUMBER(SEARCH("行道树",TRIM(CLEAN(J48)))),1,0)+IF(ISNUMBER(SEARCH("花坛",TRIM(CLEAN(J48)))),0.75,0)+IF(ISNUMBER(SEARCH("电线杆",TRIM(CLEAN(J48)))),0.4,0)+IF(ISNUMBER(SEARCH("路灯",TRIM(CLEAN(J48)))),0.45,0)+IF(ISNUMBER(SEARCH("共享单车",TRIM(CLEAN(J48)))),0.35,0)+IF(ISNUMBER(SEARCH("垃圾桶",TRIM(CLEAN(J48)))),-0.5,0))/(1+LN(1+(LEN(TRIM(CLEAN(J48)))-LEN(SUBSTITUTE(TRIM(CLEAN(J48)),";",""))+1)))) -> 0.79733175 | L48: 23.4 | M48: 0.4 | N48: 43.3 | O48: 餐饮/饮品；零售 | P48: 2 | Q48: 4 | R48: 40 | S48: 50 | T48: 3 | U48: 3 | V48: 4 | W48: 3.5 | X48: 界面连续均为商铺 | Y48: 40e26874e4293118a0eb4e382da511a4.jpg | Z48: 4 | AA48: 3 | AB48: 3.5 | AC48: 部分站立停留部分存在座椅，无围合、抬升、铺地 | AD48: 40e26874e4293118a0eb4e382da511a4.jpg | AE48: 树木；建筑 | AF48: 100 | AG48: 2.5 | AH48: 3 | AI48: 7 | AJ48: 3 | AK48: 0 | AL48: 7 | AM48: 0 | AN48: 7 | AO48: 0 | AP48: 0 | AQ48: 2 | AR48: 5 | AS48: 0 | AT48: 4 | AU48: 3 | AV48: 0 | AW48: 0 | AX48: 4 | AY48: 0 | AZ48: 6 | BA48: 0 | BB48: 5 | BC48: 0 | BD48: 0 | BE48: 0 | BF48: 0 | BG48: 0 | BH48: 0 | BI48: 0 | BJ48: ==AI48 -> 7 | BK48: ==BJ48/N48 -> 0.16166282 | BL48: ==AL48/AI48 -> 1 | BM48: ==IF(BJ48=0,0,AM48/BJ48) -> 0 | BN48: ==IF(BJ48=0,0,AN48/BJ48) -> 1 | BO48: ==IF(BJ48=0,0,AO48/BJ48) -> 0 | BP48: ==IF(BJ48=0,0,AP48/BJ48) -> 0 | BQ48: ==-IF(BM48=0,0,BM48*LN(BM48))-IF(BN48=0,0,BN48*LN(BN48))-IF(BO48=0,0,BO48*LN(BO48))-IF(BP48=0,0,BP48*LN(BP48)) -> 0 | BR48: ==IF(BJ48=0,0,BQ48/LN(4)*100) -> 0 | BS48: ==_xlfn.XLOOKUP(B48,点位均值!$A:$A,点位均值!$B:$B,"无匹配") -> 1.2861751 | BT48: ==_xlfn.XLOOKUP(B48,点位均值!$A:$A,点位均值!$C:$C,"无匹配") -> 3.7372622
A49: 67 | B49: 上海市静安区南京西路街道巨鹿路789号 | C49: A2 商业界面 | D49: B1c 局部后退 | E49: B2d 完全开敞 | F49: B3a-ii 外摆在外侧 | I49: C2 开间尺度（单个店面或小片连续界面） | J49: D2 行道树；D6 共享单车 | K49: ==IF(TRIM(CLEAN(J49))="","",(IF(ISNUMBER(SEARCH("公共座椅",TRIM(CLEAN(J49)))),2,0)+IF(ISNUMBER(SEARCH("行道树",TRIM(CLEAN(J49)))),1,0)+IF(ISNUMBER(SEARCH("花坛",TRIM(CLEAN(J49)))),0.75,0)+IF(ISNUMBER(SEARCH("电线杆",TRIM(CLEAN(J49)))),0.4,0)+IF(ISNUMBER(SEARCH("路灯",TRIM(CLEAN(J49)))),0.45,0)+IF(ISNUMBER(SEARCH("共享单车",TRIM(CLEAN(J49)))),0.35,0)+IF(ISNUMBER(SEARCH("垃圾桶",TRIM(CLEAN(J49)))),-0.5,0))/(1+LN(1+(LEN(TRIM(CLEAN(J49)))-LEN(SUBSTITUTE(TRIM(CLEAN(J49)),";",""))+1)))) -> 0.79733175 | L49: 16.18 | M49: 0.4 | N49: 19.9 | O49: 餐饮/饮品 | P49: 3 | Q49: 3 | R49: 49 | S49: 70 | T49: 8 | U49: 3 | V49: 4 | W49: 4 | X49: 界面连续为商铺 | Y49: IMG_5841.jpg | Z49: 5 | AA49: 4 | AB49: 4 | AC49: 外摆桌椅停留，无特殊铺地、抬升、围合 | AD49: IMG_5841.jpg | AE49: 树木 | AF49: 70 | AG49: 2 | AH49: 4 | AI49: 3 | AJ49: 1 | AK49: 1 | AL49: 2 | AM49: 0 | AN49: 0 | AO49: 2 | AP49: 1 | AQ49: 2 | AR49: 1 | AS49: 0 | AT49: 3 | AU49: 0 | AV49: 0 | AW49: 0 | AX49: 0 | AY49: 0 | AZ49: 2 | BA49: 0 | BB49: 0 | BC49: 3 | BD49: 0 | BE49: 0 | BF49: 0 | BG49: 0 | BH49: 0 | BI49: 0 | BJ49: ==AI49 -> 3 | BK49: ==BJ49/N49 -> 0.15075377 | BL49: ==AL49/AI49 -> 0.66666667 | BM49: ==IF(BJ49=0,0,AM49/BJ49) -> 0 | BN49: ==IF(BJ49=0,0,AN49/BJ49) -> 0 | BO49: ==IF(BJ49=0,0,AO49/BJ49) -> 0.66666667 | BP49: ==IF(BJ49=0,0,AP49/BJ49) -> 0.33333333 | BQ49: ==-IF(BM49=0,0,BM49*LN(BM49))-IF(BN49=0,0,BN49*LN(BN49))-IF(BO49=0,0,BO49*LN(BO49))-IF(BP49=0,0,BP49*LN(BP49)) -> 0.63651417 | BR49: ==IF(BJ49=0,0,BQ49/LN(4)*100) -> 45.914792 | BS49: ==_xlfn.XLOOKUP(B49,点位均值!$A:$A,点位均值!$B:$B,"无匹配") -> 2.9168734 | BT49: ==_xlfn.XLOOKUP(B49,点位均值!$A:$A,点位均值!$C:$C,"无匹配") -> 1.3665796
A50: 96 | B50: 上海市黄浦区天平路街道南昌路205弄2号 | C50: A2 商业界面 | D50: B1b 区域后退 | E50: B2b 橱窗 | I50: C2 开间尺度（单个店面或小片连续界面） | J50: D2 行道树；D6 共享单车 | K50: ==IF(TRIM(CLEAN(J50))="","",(IF(ISNUMBER(SEARCH("公共座椅",TRIM(CLEAN(J50)))),2,0)+IF(ISNUMBER(SEARCH("行道树",TRIM(CLEAN(J50)))),1,0)+IF(ISNUMBER(SEARCH("花坛",TRIM(CLEAN(J50)))),0.75,0)+IF(ISNUMBER(SEARCH("电线杆",TRIM(CLEAN(J50)))),0.4,0)+IF(ISNUMBER(SEARCH("路灯",TRIM(CLEAN(J50)))),0.45,0)+IF(ISNUMBER(SEARCH("共享单车",TRIM(CLEAN(J50)))),0.35,0)+IF(ISNUMBER(SEARCH("垃圾桶",TRIM(CLEAN(J50)))),-0.5,0))/(1+LN(1+(LEN(TRIM(CLEAN(J50)))-LEN(SUBSTITUTE(TRIM(CLEAN(J50)),";",""))+1)))) -> 0.79733175 | L50: 4 | M50: 0 | N50: 10 | O50: 零售 | P50: 1 | Q50: 2 | R50: 200 | S50: 70 | T50: 8 | U50: 5 | V50: 2 | W50: 5 | X50: 界面风格各异 | Z50: 5 | AA50: 3 | AB50: 4 | AC50: 较平整 | AE50: 树木 | AF50: 50 | AG50: 4 | AH50: 3 | AI50: 19 | AJ50: 6 | AK50: 5 | AL50: 14 | AM50: 0 | AN50: 17 | AO50: 0 | AP50: 2 | AQ50: 6 | AR50: 13 | AS50: 0 | AT50: 1 | AU50: 18 | AV50: 5 | AW50: 8 | AX50: 0 | AY50: 0 | AZ50: 0 | BA50: 0 | BB50: 0 | BC50: 4 | BD50: 0 | BE50: 0 | BF50: 0 | BG50: 0 | BH50: 0 | BI50: 2 | BJ50: ==AI50 -> 19 | BK50: ==BJ50/N50 -> 1.9 | BL50: ==AL50/AI50 -> 0.73684211 | BM50: ==IF(BJ50=0,0,AM50/BJ50) -> 0 | BN50: ==IF(BJ50=0,0,AN50/BJ50) -> 0.89473684 | BO50: ==IF(BJ50=0,0,AO50/BJ50) -> 0 | BP50: ==IF(BJ50=0,0,AP50/BJ50) -> 0.10526316 | BQ50: ==-IF(BM50=0,0,BM50*LN(BM50))-IF(BN50=0,0,BN50*LN(BN50))-IF(BO50=0,0,BO50*LN(BO50))-IF(BP50=0,0,BP50*LN(BP50)) -> 0.33649576 | BR50: ==IF(BJ50=0,0,BQ50/LN(4)*100) -> 24.273038 | BS50: ==_xlfn.XLOOKUP(B50,点位均值!$A:$A,点位均值!$B:$B,"无匹配") -> 0.59131514 | BT50: ==_xlfn.XLOOKUP(B50,点位均值!$A:$A,点位均值!$C:$C,"无匹配") -> 2.2209427
A51: 116 | B51: 上海市徐汇区天平路街道襄阳南路271号 | C51: A2 商业界面 | D51: B1a 无后退 | E51: B2b 橱窗 | I51: C2 开间尺度（单个店面或小片连续界面） | J51: D2 行道树；D6 共享单车 | K51: ==IF(TRIM(CLEAN(J51))="","",(IF(ISNUMBER(SEARCH("公共座椅",TRIM(CLEAN(J51)))),2,0)+IF(ISNUMBER(SEARCH("行道树",TRIM(CLEAN(J51)))),1,0)+IF(ISNUMBER(SEARCH("花坛",TRIM(CLEAN(J51)))),0.75,0)+IF(ISNUMBER(SEARCH("电线杆",TRIM(CLEAN(J51)))),0.4,0)+IF(ISNUMBER(SEARCH("路灯",TRIM(CLEAN(J51)))),0.45,0)+IF(ISNUMBER(SEARCH("共享单车",TRIM(CLEAN(J51)))),0.35,0)+IF(ISNUMBER(SEARCH("垃圾桶",TRIM(CLEAN(J51)))),-0.5,0))/(1+LN(1+(LEN(TRIM(CLEAN(J51)))-LEN(SUBSTITUTE(TRIM(CLEAN(J51)),";",""))+1)))) -> 0.79733175 | L51: 12 | M51: 0 | N51: 1 | O51: 零售 | P51: 1 | Q51: 5 | R51: 0 | S51: 0 | T51: 3 | U51: 4 | V51: 4 | W51: 4 | X51: 连续性很好，两开间店面 | Z51: 1 | AA51: 2 | AB51: 5 | AC51: 无特殊处理 | AE51: 树木；雨棚 | AF51: 50 | AG51: 3 | AH51: 3 | BJ51: ==AI51 -> 0 | BK51: ==BJ51/N51 -> 0 | BL51: ==AL51/AI51 -> #DIV/0! | BM51: ==IF(BJ51=0,0,AM51/BJ51) -> 0 | BN51: ==IF(BJ51=0,0,AN51/BJ51) -> 0 | BO51: ==IF(BJ51=0,0,AO51/BJ51) -> 0 | BP51: ==IF(BJ51=0,0,AP51/BJ51) -> 0 | BQ51: ==-IF(BM51=0,0,BM51*LN(BM51))-IF(BN51=0,0,BN51*LN(BN51))-IF(BO51=0,0,BO51*LN(BO51))-IF(BP51=0,0,BP51*LN(BP51)) -> 0 | BR51: ==IF(BJ51=0,0,BQ51/LN(4)*100) -> 0 | BS51: ==_xlfn.XLOOKUP(B51,点位均值!$A:$A,点位均值!$B:$B,"无匹配") -> 无匹配 | BT51: ==_xlfn.XLOOKUP(B51,点位均值!$A:$A,点位均值!$C:$C,"无匹配") -> 无匹配
A52: 119 | B52: 上海市徐汇区天平路街道襄阳南路328号 | C52: A2 商业界面 | D52: B1a 无后退 | E52: B2d 完全开敞 | I52: C2 开间尺度（单个店面或小片连续界面） | J52: D2 行道树；D6 共享单车 | K52: ==IF(TRIM(CLEAN(J52))="","",(IF(ISNUMBER(SEARCH("公共座椅",TRIM(CLEAN(J52)))),2,0)+IF(ISNUMBER(SEARCH("行道树",TRIM(CLEAN(J52)))),1,0)+IF(ISNUMBER(SEARCH("花坛",TRIM(CLEAN(J52)))),0.75,0)+IF(ISNUMBER(SEARCH("电线杆",TRIM(CLEAN(J52)))),0.4,0)+IF(ISNUMBER(SEARCH("路灯",TRIM(CLEAN(J52)))),0.45,0)+IF(ISNUMBER(SEARCH("共享单车",TRIM(CLEAN(J52)))),0.35,0)+IF(ISNUMBER(SEARCH("垃圾桶",TRIM(CLEAN(J52)))),-0.5,0))/(1+LN(1+(LEN(TRIM(CLEAN(J52)))-LEN(SUBSTITUTE(TRIM(CLEAN(J52)),";",""))+1)))) -> 0.79733175 | L52: 3 | M52: 0 | N52: 0 | O52: 零售 | P52: 1 | Q52: 5 | R52: 0 | S52: 0 | T52: 0 | U52: 3 | V52: 5 | W52: 5 | X52: 典型街边水果店，连续性很强 | Z52: 1 | AA52: 3 | AB52: 3 | AC52: 无特殊处理，但外摆很多水果 | AE52: 树木；雨棚 | AF52: 70 | AG52: 2 | AH52: 3 | AI52: 7 | AJ52: 2 | AK52: 3 | AL52: 4 | AM52: 0 | AN52: 0 | AO52: 5 | AP52: 2 | AQ52: 4 | AR52: 3 | AS52: 0 | AT52: 0 | AU52: 7 | AV52: 2 | AW52: 3 | AX52: 0 | AY52: 0 | AZ52: 0 | BA52: 0 | BB52: 0 | BC52: 1 | BD52: 0 | BE52: 0 | BF52: 0 | BG52: 0 | BH52: 1 | BI52: 0 | BJ52: ==AI52 -> 7 | BK52: ==BJ52/N52 -> #DIV/0! | BL52: ==AL52/AI52 -> 0.57142857 | BM52: ==IF(BJ52=0,0,AM52/BJ52) -> 0 | BN52: ==IF(BJ52=0,0,AN52/BJ52) -> 0 | BO52: ==IF(BJ52=0,0,AO52/BJ52) -> 0.71428571 | BP52: ==IF(BJ52=0,0,AP52/BJ52) -> 0.28571429 | BQ52: ==-IF(BM52=0,0,BM52*LN(BM52))-IF(BN52=0,0,BN52*LN(BN52))-IF(BO52=0,0,BO52*LN(BO52))-IF(BP52=0,0,BP52*LN(BP52)) -> 0.59826959 | BR52: ==IF(BJ52=0,0,BQ52/LN(4)*100) -> 43.156028 | BS52: ==_xlfn.XLOOKUP(B52,点位均值!$A:$A,点位均值!$B:$B,"无匹配") -> 1.338816 | BT52: ==_xlfn.XLOOKUP(B52,点位均值!$A:$A,点位均值!$C:$C,"无匹配") -> 0.94930996
A53: 129 | B53: 上海市徐汇区天平路街道永嘉路333号 | C53: A2 商业界面 | D53: B1a 无后退 | E53: B2b 橱窗 | F53: B3a-ii 外摆在外侧 | G53: B3b-i 雨棚 | I53: C2 开间尺度（单个店面或小片连续界面） | J53: D2 行道树；D6 共享单车 | K53: ==IF(TRIM(CLEAN(J53))="","",(IF(ISNUMBER(SEARCH("公共座椅",TRIM(CLEAN(J53)))),2,0)+IF(ISNUMBER(SEARCH("行道树",TRIM(CLEAN(J53)))),1,0)+IF(ISNUMBER(SEARCH("花坛",TRIM(CLEAN(J53)))),0.75,0)+IF(ISNUMBER(SEARCH("电线杆",TRIM(CLEAN(J53)))),0.4,0)+IF(ISNUMBER(SEARCH("路灯",TRIM(CLEAN(J53)))),0.45,0)+IF(ISNUMBER(SEARCH("共享单车",TRIM(CLEAN(J53)))),0.35,0)+IF(ISNUMBER(SEARCH("垃圾桶",TRIM(CLEAN(J53)))),-0.5,0))/(1+LN(1+(LEN(TRIM(CLEAN(J53)))-LEN(SUBSTITUTE(TRIM(CLEAN(J53)),";",""))+1)))) -> 0.79733175 | U53: 3 | V53: 4 | W53: 4 | Z53: 5 | AA53: 4 | AB53: 5 | AG53: 4 | AH53: 4 | BJ53: ==AI53 -> 0 | BK53: ==BJ53/N53 -> #DIV/0! | BL53: ==AL53/AI53 -> #DIV/0! | BM53: ==IF(BJ53=0,0,AM53/BJ53) -> 0 | BN53: ==IF(BJ53=0,0,AN53/BJ53) -> 0 | BO53: ==IF(BJ53=0,0,AO53/BJ53) -> 0 | BP53: ==IF(BJ53=0,0,AP53/BJ53) -> 0 | BQ53: ==-IF(BM53=0,0,BM53*LN(BM53))-IF(BN53=0,0,BN53*LN(BN53))-IF(BO53=0,0,BO53*LN(BO53))-IF(BP53=0,0,BP53*LN(BP53)) -> 0 | BR53: ==IF(BJ53=0,0,BQ53/LN(4)*100) -> 0 | BS53: ==_xlfn.XLOOKUP(B53,点位均值!$A:$A,点位均值!$B:$B,"无匹配") -> 无匹配 | BT53: ==_xlfn.XLOOKUP(B53,点位均值!$A:$A,点位均值!$C:$C,"无匹配") -> 无匹配
A54: 56 | B54: 上海市徐汇区湖南路街道延庆路185号 | C54: A2 商业界面 | D54: B1a 无后退 | E54: B2b 橱窗 | F54: B3a-i 外摆在内侧 | I54: C2 开间尺度（单个店面或小片连续界面） | J54: D4 电线杆；D5 路灯；D6 共享单车 | K54: ==IF(TRIM(CLEAN(J54))="","",(IF(ISNUMBER(SEARCH("公共座椅",TRIM(CLEAN(J54)))),2,0)+IF(ISNUMBER(SEARCH("行道树",TRIM(CLEAN(J54)))),1,0)+IF(ISNUMBER(SEARCH("花坛",TRIM(CLEAN(J54)))),0.75,0)+IF(ISNUMBER(SEARCH("电线杆",TRIM(CLEAN(J54)))),0.4,0)+IF(ISNUMBER(SEARCH("路灯",TRIM(CLEAN(J54)))),0.45,0)+IF(ISNUMBER(SEARCH("共享单车",TRIM(CLEAN(J54)))),0.35,0)+IF(ISNUMBER(SEARCH("垃圾桶",TRIM(CLEAN(J54)))),-0.5,0))/(1+LN(1+(LEN(TRIM(CLEAN(J54)))-LEN(SUBSTITUTE(TRIM(CLEAN(J54)),";",""))+1)))) -> 0.70873933 | L54: 15.2 | M54: 0 | N54: 48.6 | O54: 餐饮/饮品 | P54: 1 | Q54: 2 | R54: 63 | S54: 100 | T54: 10 | U54: 3 | V54: 3.3 | W54: 4 | X54: 处于街角，界面连续 | Y54: 94e02e8fbdd13a9e3271c86dd7177626.jpg | Z54: 3.7 | AA54: 3 | AB54: 3.7 | AC54: 停留无铺地、无围合、无抬升 | AD54: 94e02e8fbdd13a9e3271c86dd7177626.jpg | AE54: 雨棚 | AF54: 80 | AG54: 3.3 | AH54: 3 | AI54: 7 | AJ54: 3 | AK54: 1 | AL54: 6 | AM54: 0 | AN54: 5 | AO54: 2 | AP54: 0 | AQ54: 2 | AR54: 5 | AS54: 0 | AT54: 7 | AU54: 0 | AV54: 0 | AW54: 0 | AX54: 7 | AY54: 4 | AZ54: 5 | BA54: 0 | BB54: 3 | BC54: 0 | BD54: 0 | BE54: 0 | BF54: 0 | BG54: 0 | BH54: 0 | BI54: 0 | BJ54: ==AI54 -> 7 | BK54: ==BJ54/N54 -> 0.14403292 | BL54: ==AL54/AI54 -> 0.85714286 | BM54: ==IF(BJ54=0,0,AM54/BJ54) -> 0 | BN54: ==IF(BJ54=0,0,AN54/BJ54) -> 0.71428571 | BO54: ==IF(BJ54=0,0,AO54/BJ54) -> 0.28571429 | BP54: ==IF(BJ54=0,0,AP54/BJ54) -> 0 | BQ54: ==-IF(BM54=0,0,BM54*LN(BM54))-IF(BN54=0,0,BN54*LN(BN54))-IF(BO54=0,0,BO54*LN(BO54))-IF(BP54=0,0,BP54*LN(BP54)) -> 0.59826959 | BR54: ==IF(BJ54=0,0,BQ54/LN(4)*100) -> 43.156028 | BS54: ==_xlfn.XLOOKUP(B54,点位均值!$A:$A,点位均值!$B:$B,"无匹配") -> 1.7002836 | BT54: ==_xlfn.XLOOKUP(B54,点位均值!$A:$A,点位均值!$C:$C,"无匹配") -> 5.3546438
A55: 1 | B55: 上海市徐汇区湖南路街道安福路164号 | C55: A2 商业界面 | D55: B1a 无后退 | E55: B2b 橱窗 | F55: B3a-ii 外摆在外侧 | G55: B3b-ii 招牌；B3b-iii 大雨棚 | I55: C3 建筑尺度（整栋建筑） | J55: D2 行道树 | K55: ==IF(TRIM(CLEAN(J55))="","",(IF(ISNUMBER(SEARCH("公共座椅",TRIM(CLEAN(J55)))),2,0)+IF(ISNUMBER(SEARCH("行道树",TRIM(CLEAN(J55)))),1,0)+IF(ISNUMBER(SEARCH("花坛",TRIM(CLEAN(J55)))),0.75,0)+IF(ISNUMBER(SEARCH("电线杆",TRIM(CLEAN(J55)))),0.4,0)+IF(ISNUMBER(SEARCH("路灯",TRIM(CLEAN(J55)))),0.45,0)+IF(ISNUMBER(SEARCH("共享单车",TRIM(CLEAN(J55)))),0.35,0)+IF(ISNUMBER(SEARCH("垃圾桶",TRIM(CLEAN(J55)))),-0.5,0))/(1+LN(1+(LEN(TRIM(CLEAN(J55)))-LEN(SUBSTITUTE(TRIM(CLEAN(J55)),";",""))+1)))) -> 0.59061611 | L55: 20 | M55: 5 | N55: 80 | O55: 餐饮/饮品 | P55: 1 | Q55: 4 | R55: 120 | S55: 80 | T55: 40 | U55: 4 | V55: 4 | W55: 4 | Z55: 4 | AA55: 2 | AB55: 4 | AE55: 建筑；雨棚 | AF55: 50 | AG55: 4 | AH55: 5 | AI55: 6 | AJ55: 1 | AK55: 1 | AL55: 5 | AM55: 0 | AN55: 6 | AO55: 0 | AP55: 0 | AQ55: 4 | AR55: 2 | AS55: 0 | AT55: 6 | AU55: 0 | AV55: 6 | AW55: 1 | AX55: 0 | AY55: 0 | AZ55: 4 | BA55: 0 | BB55: 0 | BC55: 6 | BD55: 0 | BE55: 0 | BF55: 0 | BG55: 0 | BH55: 0 | BI55: 0 | BJ55: ==AI55 -> 6 | BK55: ==BJ55/N55 -> 0.075 | BL55: ==AL55/AI55 -> 0.83333333 | BM55: ==IF(BJ55=0,0,AM55/BJ55) -> 0 | BN55: ==IF(BJ55=0,0,AN55/BJ55) -> 1 | BO55: ==IF(BJ55=0,0,AO55/BJ55) -> 0 | BP55: ==IF(BJ55=0,0,AP55/BJ55) -> 0 | BQ55: ==-IF(BM55=0,0,BM55*LN(BM55))-IF(BN55=0,0,BN55*LN(BN55))-IF(BO55=0,0,BO55*LN(BO55))-IF(BP55=0,0,BP55*LN(BP55)) -> 0 | BR55: ==IF(BJ55=0,0,BQ55/LN(4)*100) -> 0 | BS55: ==_xlfn.XLOOKUP(B55,点位均值!$A:$A,点位均值!$B:$B,"无匹配") -> 1.344665 | BT55: ==_xlfn.XLOOKUP(B55,点位均值!$A:$A,点位均值!$C:$C,"无匹配") -> 6.3467363
A56: 3 | B56: 上海市徐汇区湖南路街道安福路193号 | C56: A2 商业界面 | D56: B1a 无后退 | E56: B2b 橱窗 | I56: C1 构件尺度（窗口、洞口、座椅） | J56: D2 行道树 | K56: ==IF(TRIM(CLEAN(J56))="","",(IF(ISNUMBER(SEARCH("公共座椅",TRIM(CLEAN(J56)))),2,0)+IF(ISNUMBER(SEARCH("行道树",TRIM(CLEAN(J56)))),1,0)+IF(ISNUMBER(SEARCH("花坛",TRIM(CLEAN(J56)))),0.75,0)+IF(ISNUMBER(SEARCH("电线杆",TRIM(CLEAN(J56)))),0.4,0)+IF(ISNUMBER(SEARCH("路灯",TRIM(CLEAN(J56)))),0.45,0)+IF(ISNUMBER(SEARCH("共享单车",TRIM(CLEAN(J56)))),0.35,0)+IF(ISNUMBER(SEARCH("垃圾桶",TRIM(CLEAN(J56)))),-0.5,0))/(1+LN(1+(LEN(TRIM(CLEAN(J56)))-LEN(SUBSTITUTE(TRIM(CLEAN(J56)),";",""))+1)))) -> 0.59061611 | L56: 10 | M56: 0.5 | N56: 20 | O56: 零售；文化展示 | P56: 2 | Q56: 4 | R56: 270 | S56: 20 | T56: 10 | U56: 4 | V56: 2 | W56: 3 | Y56: 193.jpg | Z56: 3 | AA56: 4 | AB56: 4 | AD56: 193.jpg | AE56: 建筑 | AF56: 20 | AG56: 4 | AH56: 4 | AI56: 3 | AJ56: 1 | AK56: 0 | AL56: 3 | AM56: 1 | AN56: 2 | AO56: 0 | AP56: 0 | AQ56: 1 | AR56: 2 | AS56: 0 | AT56: 0 | AU56: 3 | AV56: 0 | AW56: 0 | AX56: 0 | AY56: 0 | AZ56: 3 | BA56: 0 | BB56: 0 | BC56: 0 | BD56: 0 | BE56: 0 | BF56: 0 | BG56: 0 | BH56: 0 | BI56: 0 | BJ56: ==AI56 -> 3 | BK56: ==BJ56/N56 -> 0.15 | BL56: ==AL56/AI56 -> 1 | BM56: ==IF(BJ56=0,0,AM56/BJ56) -> 0.33333333 | BN56: ==IF(BJ56=0,0,AN56/BJ56) -> 0.66666667 | BO56: ==IF(BJ56=0,0,AO56/BJ56) -> 0 | BP56: ==IF(BJ56=0,0,AP56/BJ56) -> 0 | BQ56: ==-IF(BM56=0,0,BM56*LN(BM56))-IF(BN56=0,0,BN56*LN(BN56))-IF(BO56=0,0,BO56*LN(BO56))-IF(BP56=0,0,BP56*LN(BP56)) -> 0.63651417 | BR56: ==IF(BJ56=0,0,BQ56/LN(4)*100) -> 45.914792 | BS56: ==_xlfn.XLOOKUP(B56,点位均值!$A:$A,点位均值!$B:$B,"无匹配") -> 1.8851117 | BT56: ==_xlfn.XLOOKUP(B56,点位均值!$A:$A,点位均值!$C:$C,"无匹配") -> 0.97023499
A57: 9 | B57: 上海市徐汇区湖南路街道汾阳路57号 | C57: A2 商业界面 | D57: B1a 无后退 | E57: B2b 橱窗 | I57: C2 开间尺度（单个店面或小片连续界面） | J57: D2 行道树 | K57: ==IF(TRIM(CLEAN(J57))="","",(IF(ISNUMBER(SEARCH("公共座椅",TRIM(CLEAN(J57)))),2,0)+IF(ISNUMBER(SEARCH("行道树",TRIM(CLEAN(J57)))),1,0)+IF(ISNUMBER(SEARCH("花坛",TRIM(CLEAN(J57)))),0.75,0)+IF(ISNUMBER(SEARCH("电线杆",TRIM(CLEAN(J57)))),0.4,0)+IF(ISNUMBER(SEARCH("路灯",TRIM(CLEAN(J57)))),0.45,0)+IF(ISNUMBER(SEARCH("共享单车",TRIM(CLEAN(J57)))),0.35,0)+IF(ISNUMBER(SEARCH("垃圾桶",TRIM(CLEAN(J57)))),-0.5,0))/(1+LN(1+(LEN(TRIM(CLEAN(J57)))-LEN(SUBSTITUTE(TRIM(CLEAN(J57)),";",""))+1)))) -> 0.59061611 | L57: 4 | M57: 0 | N57: 3 | O57: 餐饮/饮品 | P57: 1 | Q57: 4 | R57: 0 | S57: 80 | T57: 12 | U57: 4 | V57: 3 | W57: 4 | X57: 连续性很好 | Z57: 2 | AA57: 3 | AB57: 4 | AC57: 无特殊处理 | AE57: 树木；建筑 | AF57: 90 | AG57: 4 | AH57: 3 | BJ57: ==AI57 -> 0 | BK57: ==BJ57/N57 -> 0 | BL57: ==AL57/AI57 -> #DIV/0! | BM57: ==IF(BJ57=0,0,AM57/BJ57) -> 0 | BN57: ==IF(BJ57=0,0,AN57/BJ57) -> 0 | BO57: ==IF(BJ57=0,0,AO57/BJ57) -> 0 | BP57: ==IF(BJ57=0,0,AP57/BJ57) -> 0 | BQ57: ==-IF(BM57=0,0,BM57*LN(BM57))-IF(BN57=0,0,BN57*LN(BN57))-IF(BO57=0,0,BO57*LN(BO57))-IF(BP57=0,0,BP57*LN(BP57)) -> 0 | BR57: ==IF(BJ57=0,0,BQ57/LN(4)*100) -> 0 | BS57: ==_xlfn.XLOOKUP(B57,点位均值!$A:$A,点位均值!$B:$B,"无匹配") -> 无匹配 | BT57: ==_xlfn.XLOOKUP(B57,点位均值!$A:$A,点位均值!$C:$C,"无匹配") -> 无匹配
A58: 20 | B58: 上海市徐汇区湖南路街道乌鲁木齐中路305号 | C58: A2 商业界面 | D58: B1b 区域后退 | E58: B2b 橱窗 | F58: B3a-i 外摆在内侧 | I58: C2 开间尺度（单个店面或小片连续界面） | J58: D2 行道树 | K58: ==IF(TRIM(CLEAN(J58))="","",(IF(ISNUMBER(SEARCH("公共座椅",TRIM(CLEAN(J58)))),2,0)+IF(ISNUMBER(SEARCH("行道树",TRIM(CLEAN(J58)))),1,0)+IF(ISNUMBER(SEARCH("花坛",TRIM(CLEAN(J58)))),0.75,0)+IF(ISNUMBER(SEARCH("电线杆",TRIM(CLEAN(J58)))),0.4,0)+IF(ISNUMBER(SEARCH("路灯",TRIM(CLEAN(J58)))),0.45,0)+IF(ISNUMBER(SEARCH("共享单车",TRIM(CLEAN(J58)))),0.35,0)+IF(ISNUMBER(SEARCH("垃圾桶",TRIM(CLEAN(J58)))),-0.5,0))/(1+LN(1+(LEN(TRIM(CLEAN(J58)))-LEN(SUBSTITUTE(TRIM(CLEAN(J58)),";",""))+1)))) -> 0.59061611 | L58: 6 | M58: 1 | N58: 2 | O58: 餐饮/饮品 | P58: 1 | Q58: 4 | R58: 43 | S58: 10 | T58: 6 | U58: 5 | V58: 5 | W58: 4 | X58: 界面色彩有特点且连续 | Y58: gelato.jpg | Z58: 5 | AA58: 1 | AB58: 5 | AC58: 冰淇淋店外所设停留处范围不明显 | AD58: gelato.jpg | AE58: 树木；雨棚 | AF58: 20 | AG58: 5 | AH58: 4 | BJ58: ==AI58 -> 0 | BK58: ==BJ58/N58 -> 0 | BL58: ==AL58/AI58 -> #DIV/0! | BM58: ==IF(BJ58=0,0,AM58/BJ58) -> 0 | BN58: ==IF(BJ58=0,0,AN58/BJ58) -> 0 | BO58: ==IF(BJ58=0,0,AO58/BJ58) -> 0 | BP58: ==IF(BJ58=0,0,AP58/BJ58) -> 0 | BQ58: ==-IF(BM58=0,0,BM58*LN(BM58))-IF(BN58=0,0,BN58*LN(BN58))-IF(BO58=0,0,BO58*LN(BO58))-IF(BP58=0,0,BP58*LN(BP58)) -> 0 | BR58: ==IF(BJ58=0,0,BQ58/LN(4)*100) -> 0 | BS58: ==_xlfn.XLOOKUP(B58,点位均值!$A:$A,点位均值!$B:$B,"无匹配") -> 无匹配 | BT58: ==_xlfn.XLOOKUP(B58,点位均值!$A:$A,点位均值!$C:$C,"无匹配") -> 无匹配
A59: 21 | B59: 上海市徐汇区湖南路街道乌鲁木齐中路315号 | C59: A2 商业界面 | D59: B1b 区域后退 | E59: B2b 橱窗 | F59: B3a-i 外摆在内侧 | I59: C2 开间尺度（单个店面或小片连续界面） | J59: D2 行道树 | K59: ==IF(TRIM(CLEAN(J59))="","",(IF(ISNUMBER(SEARCH("公共座椅",TRIM(CLEAN(J59)))),2,0)+IF(ISNUMBER(SEARCH("行道树",TRIM(CLEAN(J59)))),1,0)+IF(ISNUMBER(SEARCH("花坛",TRIM(CLEAN(J59)))),0.75,0)+IF(ISNUMBER(SEARCH("电线杆",TRIM(CLEAN(J59)))),0.4,0)+IF(ISNUMBER(SEARCH("路灯",TRIM(CLEAN(J59)))),0.45,0)+IF(ISNUMBER(SEARCH("共享单车",TRIM(CLEAN(J59)))),0.35,0)+IF(ISNUMBER(SEARCH("垃圾桶",TRIM(CLEAN(J59)))),-0.5,0))/(1+LN(1+(LEN(TRIM(CLEAN(J59)))-LEN(SUBSTITUTE(TRIM(CLEAN(J59)),";",""))+1)))) -> 0.59061611 | L59: 6 | M59: 1 | N59: 2 | O59: 餐饮/饮品 | P59: 1 | Q59: 4 | R59: 50 | S59: 0 | T59: 6 | U59: 5 | V59: 4 | W59: 4 | X59: / | Z59: 4 | AA59: 1 | AB59: 5 | AC59: / | AE59: 树木；雨棚 | AF59: 50 | AG59: 3 | AH59: 3 | AI59: 2 | AJ59: 1 | AK59: 0 | AL59: 2 | AM59: 0 | AN59: 2 | AO59: 0 | AP59: 0 | AQ59: 1 | AR59: 1 | AS59: 0 | AT59: 2 | AU59: 0 | AV59: 2 | AW59: 0 | AX59: 0 | AY59: 0 | AZ59: 0 | BA59: 0 | BB59: 0 | BC59: 2 | BD59: 0 | BE59: 0 | BF59: 0 | BG59: 0 | BH59: 0 | BI59: 0 | BJ59: ==AI59 -> 2 | BK59: ==BJ59/N59 -> 1 | BL59: ==AL59/AI59 -> 1 | BM59: ==IF(BJ59=0,0,AM59/BJ59) -> 0 | BN59: ==IF(BJ59=0,0,AN59/BJ59) -> 1 | BO59: ==IF(BJ59=0,0,AO59/BJ59) -> 0 | BP59: ==IF(BJ59=0,0,AP59/BJ59) -> 0 | BQ59: ==-IF(BM59=0,0,BM59*LN(BM59))-IF(BN59=0,0,BN59*LN(BN59))-IF(BO59=0,0,BO59*LN(BO59))-IF(BP59=0,0,BP59*LN(BP59)) -> 0 | BR59: ==IF(BJ59=0,0,BQ59/LN(4)*100) -> 0 | BS59: ==_xlfn.XLOOKUP(B59,点位均值!$A:$A,点位均值!$B:$B,"无匹配") -> 0.73870968 | BT59: ==_xlfn.XLOOKUP(B59,点位均值!$A:$A,点位均值!$C:$C,"无匹配") -> 5.4506527
A60: 22 | B60: 上海市徐汇区湖南路街道乌鲁木齐中路328号 | C60: A2 商业界面 | D60: B1c 局部后退 | E60: B2b 橱窗 | F60: B3a-i 外摆在内侧 | I60: C2 开间尺度（单个店面或小片连续界面） | J60: D2 行道树 | K60: ==IF(TRIM(CLEAN(J60))="","",(IF(ISNUMBER(SEARCH("公共座椅",TRIM(CLEAN(J60)))),2,0)+IF(ISNUMBER(SEARCH("行道树",TRIM(CLEAN(J60)))),1,0)+IF(ISNUMBER(SEARCH("花坛",TRIM(CLEAN(J60)))),0.75,0)+IF(ISNUMBER(SEARCH("电线杆",TRIM(CLEAN(J60)))),0.4,0)+IF(ISNUMBER(SEARCH("路灯",TRIM(CLEAN(J60)))),0.45,0)+IF(ISNUMBER(SEARCH("共享单车",TRIM(CLEAN(J60)))),0.35,0)+IF(ISNUMBER(SEARCH("垃圾桶",TRIM(CLEAN(J60)))),-0.5,0))/(1+LN(1+(LEN(TRIM(CLEAN(J60)))-LEN(SUBSTITUTE(TRIM(CLEAN(J60)),";",""))+1)))) -> 0.59061611 | L60: 8 | M60: 1 | N60: 5 | O60: 餐饮/饮品；零售 | P60: 2 | Q60: 4 | R60: 45 | S60: 0 | T60: 6 | U60: 5 | V60: 4 | W60: 4 | X60: / | Z60: 5 | AA60: 1 | AB60: 5 | AC60: / | AE60: 树木；建筑 | AF60: 80 | AG60: 3 | AH60: 3 | AI60: 1 | AJ60: 0 | AK60: 1 | AL60: 0 | AM60: 0 | AN60: 0 | AO60: 1 | AP60: 0 | AQ60: 0 | AR60: 1 | AS60: 0 | AT60: 1 | AU60: 0 | AV60: 1 | AW60: 0 | AX60: 0 | AY60: 0 | AZ60: 0 | BA60: 0 | BB60: 0 | BC60: 1 | BD60: 0 | BE60: 0 | BF60: 0 | BG60: 0 | BH60: 0 | BI60: 0 | BJ60: ==AI60 -> 1 | BK60: ==BJ60/N60 -> 0.2 | BL60: ==AL60/AI60 -> 0 | BM60: ==IF(BJ60=0,0,AM60/BJ60) -> 0 | BN60: ==IF(BJ60=0,0,AN60/BJ60) -> 0 | BO60: ==IF(BJ60=0,0,AO60/BJ60) -> 1 | BP60: ==IF(BJ60=0,0,AP60/BJ60) -> 0 | BQ60: ==-IF(BM60=0,0,BM60*LN(BM60))-IF(BN60=0,0,BN60*LN(BN60))-IF(BO60=0,0,BO60*LN(BO60))-IF(BP60=0,0,BP60*LN(BP60)) -> 0 | BR60: ==IF(BJ60=0,0,BQ60/LN(4)*100) -> 0 | BS60: ==_xlfn.XLOOKUP(B60,点位均值!$A:$A,点位均值!$B:$B,"无匹配") -> 1.7704715 | BT60: ==_xlfn.XLOOKUP(B60,点位均值!$A:$A,点位均值!$C:$C,"无匹配") -> 3.4344648
A61: 25 | B61: 上海市徐汇区湖南路街道五原路81弄 | C61: A2 商业界面 | D61: B1a 无后退 | E61: B2b 橱窗 | F61: B3a-ii 外摆在外侧 | I61: C2 开间尺度（单个店面或小片连续界面） | J61: D2 行道树 | K61: ==IF(TRIM(CLEAN(J61))="","",(IF(ISNUMBER(SEARCH("公共座椅",TRIM(CLEAN(J61)))),2,0)+IF(ISNUMBER(SEARCH("行道树",TRIM(CLEAN(J61)))),1,0)+IF(ISNUMBER(SEARCH("花坛",TRIM(CLEAN(J61)))),0.75,0)+IF(ISNUMBER(SEARCH("电线杆",TRIM(CLEAN(J61)))),0.4,0)+IF(ISNUMBER(SEARCH("路灯",TRIM(CLEAN(J61)))),0.45,0)+IF(ISNUMBER(SEARCH("共享单车",TRIM(CLEAN(J61)))),0.35,0)+IF(ISNUMBER(SEARCH("垃圾桶",TRIM(CLEAN(J61)))),-0.5,0))/(1+LN(1+(LEN(TRIM(CLEAN(J61)))-LEN(SUBSTITUTE(TRIM(CLEAN(J61)),";",""))+1)))) -> 0.59061611 | L61: 4 | M61: 0 | N61: 5 | O61: 居住 | P61: 1 | Q61: 2 | R61: 0 | S61: 0 | T61: 5 | U61: 4 | V61: 5 | W61: 5 | Z61: 2 | AA61: 5 | AB61: 5 | AE61: 树木；建筑 | AF61: 90 | AG61: 4 | AH61: 3 | AI61: 1 | AJ61: 0 | AK61: 1 | AL61: 0 | AM61: 0 | AN61: 0 | AO61: 0 | AP61: 1 | AQ61: 1 | AR61: 0 | AS61: 0 | AT61: 1 | AU61: 0 | AV61: 0 | AW61: 0 | AX61: 0 | AY61: 0 | AZ61: 0 | BA61: 0 | BB61: 0 | BC61: 1 | BD61: 0 | BE61: 0 | BF61: 0 | BG61: 0 | BH61: 0 | BI61: 0 | BJ61: ==AI61 -> 1 | BK61: ==BJ61/N61 -> 0.2 | BL61: ==AL61/AI61 -> 0 | BM61: ==IF(BJ61=0,0,AM61/BJ61) -> 0 | BN61: ==IF(BJ61=0,0,AN61/BJ61) -> 0 | BO61: ==IF(BJ61=0,0,AO61/BJ61) -> 0 | BP61: ==IF(BJ61=0,0,AP61/BJ61) -> 1 | BQ61: ==-IF(BM61=0,0,BM61*LN(BM61))-IF(BN61=0,0,BN61*LN(BN61))-IF(BO61=0,0,BO61*LN(BO61))-IF(BP61=0,0,BP61*LN(BP61)) -> 0 | BR61: ==IF(BJ61=0,0,BQ61/LN(4)*100) -> 0 | BS61: ==_xlfn.XLOOKUP(B61,点位均值!$A:$A,点位均值!$B:$B,"无匹配") -> 2.2617866 | BT61: ==_xlfn.XLOOKUP(B61,点位均值!$A:$A,点位均值!$C:$C,"无匹配") -> 0.33263708
A62: 31 | B62: 上海市徐汇区湖南路街道五原路236号 | C62: A4 基础设施界面 | D62: B1b 区域后退 | E62: B2a 仅仅墙面 | I62: C1 构件尺度（窗口、洞口、座椅） | J62: D2 行道树 | K62: ==IF(TRIM(CLEAN(J62))="","",(IF(ISNUMBER(SEARCH("公共座椅",TRIM(CLEAN(J62)))),2,0)+IF(ISNUMBER(SEARCH("行道树",TRIM(CLEAN(J62)))),1,0)+IF(ISNUMBER(SEARCH("花坛",TRIM(CLEAN(J62)))),0.75,0)+IF(ISNUMBER(SEARCH("电线杆",TRIM(CLEAN(J62)))),0.4,0)+IF(ISNUMBER(SEARCH("路灯",TRIM(CLEAN(J62)))),0.45,0)+IF(ISNUMBER(SEARCH("共享单车",TRIM(CLEAN(J62)))),0.35,0)+IF(ISNUMBER(SEARCH("垃圾桶",TRIM(CLEAN(J62)))),-0.5,0))/(1+LN(1+(LEN(TRIM(CLEAN(J62)))-LEN(SUBSTITUTE(TRIM(CLEAN(J62)),";",""))+1)))) -> 0.59061611 | AI62: 7 | AJ62: 3 | AK62: 0 | AL62: 7 | AM62: 0 | AN62: 7 | AO62: 0 | AP62: 0 | AQ62: 2 | AR62: 5 | AS62: 0 | AT62: 2 | AU62: 5 | AV62: 0 | AW62: 3 | AX62: 0 | AY62: 2 | AZ62: 0 | BA62: 0 | BB62: 0 | BC62: 3 | BD62: 0 | BE62: 0 | BF62: 0 | BG62: 0 | BH62: 0 | BI62: 0 | BJ62: ==AI62 -> 7 | BK62: ==BJ62/N62 -> #DIV/0! | BL62: ==AL62/AI62 -> 1 | BM62: ==IF(BJ62=0,0,AM62/BJ62) -> 0 | BN62: ==IF(BJ62=0,0,AN62/BJ62) -> 1 | BO62: ==IF(BJ62=0,0,AO62/BJ62) -> 0 | BP62: ==IF(BJ62=0,0,AP62/BJ62) -> 0 | BQ62: ==-IF(BM62=0,0,BM62*LN(BM62))-IF(BN62=0,0,BN62*LN(BN62))-IF(BO62=0,0,BO62*LN(BO62))-IF(BP62=0,0,BP62*LN(BP62)) -> 0 | BR62: ==IF(BJ62=0,0,BQ62/LN(4)*100) -> 0 | BS62: ==_xlfn.XLOOKUP(B62,点位均值!$A:$A,点位均值!$B:$B,"无匹配") -> 0.48603332 | BT62: ==_xlfn.XLOOKUP(B62,点位均值!$A:$A,点位均值!$C:$C,"无匹配") -> 2.9691906
A63: 32 | B63: 上海市徐汇区湖南路街道五原路236弄1号 | C63: A2 商业界面 | D63: B1a 无后退 | E63: B2b 橱窗 | I63: C1 构件尺度（窗口、洞口、座椅） | J63: D2 行道树 | K63: ==IF(TRIM(CLEAN(J63))="","",(IF(ISNUMBER(SEARCH("公共座椅",TRIM(CLEAN(J63)))),2,0)+IF(ISNUMBER(SEARCH("行道树",TRIM(CLEAN(J63)))),1,0)+IF(ISNUMBER(SEARCH("花坛",TRIM(CLEAN(J63)))),0.75,0)+IF(ISNUMBER(SEARCH("电线杆",TRIM(CLEAN(J63)))),0.4,0)+IF(ISNUMBER(SEARCH("路灯",TRIM(CLEAN(J63)))),0.45,0)+IF(ISNUMBER(SEARCH("共享单车",TRIM(CLEAN(J63)))),0.35,0)+IF(ISNUMBER(SEARCH("垃圾桶",TRIM(CLEAN(J63)))),-0.5,0))/(1+LN(1+(LEN(TRIM(CLEAN(J63)))-LEN(SUBSTITUTE(TRIM(CLEAN(J63)),";",""))+1)))) -> 0.59061611 | L63: 3 | M63: 0 | N63: 3 | O63: 生活服务；居住 | P63: 2 | Q63: 4 | T63: 3 | U63: 1 | V63: 4 | W63: 1 | Z63: 3 | AA63: 1 | AB63: 5 | AE63: 树木；雨棚 | BJ63: ==AI63 -> 0 | BK63: ==BJ63/N63 -> 0 | BL63: ==AL63/AI63 -> #DIV/0! | BM63: ==IF(BJ63=0,0,AM63/BJ63) -> 0 | BN63: ==IF(BJ63=0,0,AN63/BJ63) -> 0 | BO63: ==IF(BJ63=0,0,AO63/BJ63) -> 0 | BP63: ==IF(BJ63=0,0,AP63/BJ63) -> 0 | BQ63: ==-IF(BM63=0,0,BM63*LN(BM63))-IF(BN63=0,0,BN63*LN(BN63))-IF(BO63=0,0,BO63*LN(BO63))-IF(BP63=0,0,BP63*LN(BP63)) -> 0 | BR63: ==IF(BJ63=0,0,BQ63/LN(4)*100) -> 0 | BS63: ==_xlfn.XLOOKUP(B63,点位均值!$A:$A,点位均值!$B:$B,"无匹配") -> 无匹配 | BT63: ==_xlfn.XLOOKUP(B63,点位均值!$A:$A,点位均值!$C:$C,"无匹配") -> 无匹配
A64: 34 | B64: 上海市徐汇区湖南路街道武康路98号 | C64: A2 商业界面 | D64: B1a 无后退 | E64: B2b 橱窗 | I64: C2 开间尺度（单个店面或小片连续界面） | J64: D2 行道树 | K64: ==IF(TRIM(CLEAN(J64))="","",(IF(ISNUMBER(SEARCH("公共座椅",TRIM(CLEAN(J64)))),2,0)+IF(ISNUMBER(SEARCH("行道树",TRIM(CLEAN(J64)))),1,0)+IF(ISNUMBER(SEARCH("花坛",TRIM(CLEAN(J64)))),0.75,0)+IF(ISNUMBER(SEARCH("电线杆",TRIM(CLEAN(J64)))),0.4,0)+IF(ISNUMBER(SEARCH("路灯",TRIM(CLEAN(J64)))),0.45,0)+IF(ISNUMBER(SEARCH("共享单车",TRIM(CLEAN(J64)))),0.35,0)+IF(ISNUMBER(SEARCH("垃圾桶",TRIM(CLEAN(J64)))),-0.5,0))/(1+LN(1+(LEN(TRIM(CLEAN(J64)))-LEN(SUBSTITUTE(TRIM(CLEAN(J64)),";",""))+1)))) -> 0.59061611 | L64: 10 | M64: 0 | N64: 2 | O64: 餐饮/饮品；零售 | P64: 1 | Q64: 4 | R64: 80 | S64: 0 | T64: 4 | U64: 5 | V64: 3 | W64: 3 | X64: / | Z64: 5 | AA64: 4 | AB64: 5 | AE64: 树木；建筑 | AF64: 30 | AG64: 4 | AH64: 3 | AI64: 2 | AJ64: 2 | AK64: 0 | AL64: 2 | AM64: 0 | AN64: 2 | AO64: 0 | AP64: 0 | AQ64: 0 | AR64: 2 | AS64: 0 | AT64: 0 | AU64: 2 | AV64: 2 | AW64: 0 | AX64: 0 | AY64: 0 | AZ64: 0 | BA64: 0 | BB64: 0 | BC64: 0 | BD64: 0 | BE64: 0 | BF64: 0 | BG64: 0 | BH64: 0 | BI64: 0 | BJ64: ==AI64 -> 2 | BK64: ==BJ64/N64 -> 1 | BL64: ==AL64/AI64 -> 1 | BM64: ==IF(BJ64=0,0,AM64/BJ64) -> 0 | BN64: ==IF(BJ64=0,0,AN64/BJ64) -> 1 | BO64: ==IF(BJ64=0,0,AO64/BJ64) -> 0 | BP64: ==IF(BJ64=0,0,AP64/BJ64) -> 0 | BQ64: ==-IF(BM64=0,0,BM64*LN(BM64))-IF(BN64=0,0,BN64*LN(BN64))-IF(BO64=0,0,BO64*LN(BO64))-IF(BP64=0,0,BP64*LN(BP64)) -> 0 | BR64: ==IF(BJ64=0,0,BQ64/LN(4)*100) -> 0 | BS64: ==_xlfn.XLOOKUP(B64,点位均值!$A:$A,点位均值!$B:$B,"无匹配") -> 1.1358561 | BT64: ==_xlfn.XLOOKUP(B64,点位均值!$A:$A,点位均值!$C:$C,"无匹配") -> 3.1544386
A65: 36 | B65: 上海市徐汇区湖南路街道武康路100弄 | C65: A2 商业界面 | D65: B1a 无后退 | E65: B2c 墙面开洞 | I65: C1 构件尺度（窗口、洞口、座椅） | J65: D2 行道树 | K65: ==IF(TRIM(CLEAN(J65))="","",(IF(ISNUMBER(SEARCH("公共座椅",TRIM(CLEAN(J65)))),2,0)+IF(ISNUMBER(SEARCH("行道树",TRIM(CLEAN(J65)))),1,0)+IF(ISNUMBER(SEARCH("花坛",TRIM(CLEAN(J65)))),0.75,0)+IF(ISNUMBER(SEARCH("电线杆",TRIM(CLEAN(J65)))),0.4,0)+IF(ISNUMBER(SEARCH("路灯",TRIM(CLEAN(J65)))),0.45,0)+IF(ISNUMBER(SEARCH("共享单车",TRIM(CLEAN(J65)))),0.35,0)+IF(ISNUMBER(SEARCH("垃圾桶",TRIM(CLEAN(J65)))),-0.5,0))/(1+LN(1+(LEN(TRIM(CLEAN(J65)))-LEN(SUBSTITUTE(TRIM(CLEAN(J65)),";",""))+1)))) -> 0.59061611 | L65: 4 | M65: 0 | N65: 2 | O65: 餐饮/饮品 | P65: 1 | Q65: 3 | R65: 38 | S65: 0 | T65: 6 | U65: 5 | V65: 4 | W65: 4 | X65: / | Z65: 4 | AA65: 5 | AB65: 5 | AE65: 树木；建筑 | AF65: 50 | AG65: 5 | AH65: 3 | AI65: 2 | AJ65: 2 | AK65: 0 | AL65: 2 | AM65: 1 | AN65: 0 | AO65: 1 | AP65: 0 | AQ65: 2 | AR65: 0 | AS65: 0 | AT65: 0 | AU65: 2 | AV65: 0 | AW65: 2 | AX65: 1 | AY65: 0 | AZ65: 0 | BA65: 0 | BB65: 2 | BC65: 0 | BD65: 0 | BE65: 0 | BF65: 0 | BG65: 0 | BH65: 0 | BI65: 0 | BJ65: ==AI65 -> 2 | BK65: ==BJ65/N65 -> 1 | BL65: ==AL65/AI65 -> 1 | BM65: ==IF(BJ65=0,0,AM65/BJ65) -> 0.5 | BN65: ==IF(BJ65=0,0,AN65/BJ65) -> 0 | BO65: ==IF(BJ65=0,0,AO65/BJ65) -> 0.5 | BP65: ==IF(BJ65=0,0,AP65/BJ65) -> 0 | BQ65: ==-IF(BM65=0,0,BM65*LN(BM65))-IF(BN65=0,0,BN65*LN(BN65))-IF(BO65=0,0,BO65*LN(BO65))-IF(BP65=0,0,BP65*LN(BP65)) -> 0.69314718 | BR65: ==IF(BJ65=0,0,BQ65/LN(4)*100) -> 50 | BS65: ==_xlfn.XLOOKUP(B65,点位均值!$A:$A,点位均值!$B:$B,"无匹配") -> 3.9813896 | BT65: ==_xlfn.XLOOKUP(B65,点位均值!$A:$A,点位均值!$C:$C,"无匹配") -> 4.9853786
A66: 37 | B66: 上海市徐汇区湖南路街道武康路105号 | C66: A2 商业界面 | D66: B1a 无后退 | E66: B2c 墙面开洞 | I66: C2 开间尺度（单个店面或小片连续界面） | J66: D2 行道树 | K66: ==IF(TRIM(CLEAN(J66))="","",(IF(ISNUMBER(SEARCH("公共座椅",TRIM(CLEAN(J66)))),2,0)+IF(ISNUMBER(SEARCH("行道树",TRIM(CLEAN(J66)))),1,0)+IF(ISNUMBER(SEARCH("花坛",TRIM(CLEAN(J66)))),0.75,0)+IF(ISNUMBER(SEARCH("电线杆",TRIM(CLEAN(J66)))),0.4,0)+IF(ISNUMBER(SEARCH("路灯",TRIM(CLEAN(J66)))),0.45,0)+IF(ISNUMBER(SEARCH("共享单车",TRIM(CLEAN(J66)))),0.35,0)+IF(ISNUMBER(SEARCH("垃圾桶",TRIM(CLEAN(J66)))),-0.5,0))/(1+LN(1+(LEN(TRIM(CLEAN(J66)))-LEN(SUBSTITUTE(TRIM(CLEAN(J66)),";",""))+1)))) -> 0.59061611 | L66: 6 | M66: 0.5 | N66: 3 | O66: 餐饮/饮品 | P66: 1 | Q66: 2 | R66: 38 | S66: 0 | T66: 6 | U66: 5 | V66: 4 | W66: 4 | X66: / | Z66: 3 | AA66: 5 | AB66: 5 | AE66: 树木 | AF66: 30 | AG66: 4 | AH66: 4 | BJ66: ==AI66 -> 0 | BK66: ==BJ66/N66 -> 0 | BL66: ==AL66/AI66 -> #DIV/0! | BM66: ==IF(BJ66=0,0,AM66/BJ66) -> 0 | BN66: ==IF(BJ66=0,0,AN66/BJ66) -> 0 | BO66: ==IF(BJ66=0,0,AO66/BJ66) -> 0 | BP66: ==IF(BJ66=0,0,AP66/BJ66) -> 0 | BQ66: ==-IF(BM66=0,0,BM66*LN(BM66))-IF(BN66=0,0,BN66*LN(BN66))-IF(BO66=0,0,BO66*LN(BO66))-IF(BP66=0,0,BP66*LN(BP66)) -> 0 | BR66: ==IF(BJ66=0,0,BQ66/LN(4)*100) -> 0 | BS66: ==_xlfn.XLOOKUP(B66,点位均值!$A:$A,点位均值!$B:$B,"无匹配") -> 无匹配 | BT66: ==_xlfn.XLOOKUP(B66,点位均值!$A:$A,点位均值!$C:$C,"无匹配") -> 无匹配
A67: 38 | B67: 上海市徐汇区湖南路街道武康路107号 | C67: A2 商业界面 | D67: B1a 无后退 | E67: B2b 橱窗 | I67: C2 开间尺度（单个店面或小片连续界面） | J67: D2 行道树 | K67: ==IF(TRIM(CLEAN(J67))="","",(IF(ISNUMBER(SEARCH("公共座椅",TRIM(CLEAN(J67)))),2,0)+IF(ISNUMBER(SEARCH("行道树",TRIM(CLEAN(J67)))),1,0)+IF(ISNUMBER(SEARCH("花坛",TRIM(CLEAN(J67)))),0.75,0)+IF(ISNUMBER(SEARCH("电线杆",TRIM(CLEAN(J67)))),0.4,0)+IF(ISNUMBER(SEARCH("路灯",TRIM(CLEAN(J67)))),0.45,0)+IF(ISNUMBER(SEARCH("共享单车",TRIM(CLEAN(J67)))),0.35,0)+IF(ISNUMBER(SEARCH("垃圾桶",TRIM(CLEAN(J67)))),-0.5,0))/(1+LN(1+(LEN(TRIM(CLEAN(J67)))-LEN(SUBSTITUTE(TRIM(CLEAN(J67)),";",""))+1)))) -> 0.59061611 | L67: 5 | M67: 0.5 | N67: 2 | O67: 零售 | P67: 1 | Q67: 3 | R67: 1232 | S67: 0 | T67: 1 | U67: 5 | V67: 3 | W67: 1 | X67: / | Z67: 3 | AA67: 2 | AB67: 5 | AE67: 树木 | AF67: 30 | AG67: 5 | AH67: 3 | AI67: 2 | AJ67: 1 | AK67: 0 | AL67: 2 | AM67: 0 | AN67: 2 | AO67: 0 | AP67: 0 | AQ67: 0 | AR67: 2 | AS67: 0 | AT67: 0 | AU67: 2 | AV67: 0 | AW67: 0 | AX67: 0 | AY67: 2 | AZ67: 0 | BA67: 0 | BB67: 0 | BC67: 0 | BD67: 0 | BE67: 0 | BF67: 0 | BG67: 0 | BH67: 0 | BI67: 0 | BJ67: ==AI67 -> 2 | BK67: ==BJ67/N67 -> 1 | BL67: ==AL67/AI67 -> 1 | BM67: ==IF(BJ67=0,0,AM67/BJ67) -> 0 | BN67: ==IF(BJ67=0,0,AN67/BJ67) -> 1 | BO67: ==IF(BJ67=0,0,AO67/BJ67) -> 0 | BP67: ==IF(BJ67=0,0,AP67/BJ67) -> 0 | BQ67: ==-IF(BM67=0,0,BM67*LN(BM67))-IF(BN67=0,0,BN67*LN(BN67))-IF(BO67=0,0,BO67*LN(BO67))-IF(BP67=0,0,BP67*LN(BP67)) -> 0 | BR67: ==IF(BJ67=0,0,BQ67/LN(4)*100) -> 0 | BS67: ==_xlfn.XLOOKUP(B67,点位均值!$A:$A,点位均值!$B:$B,"无匹配") -> 0.1 | BT67: ==_xlfn.XLOOKUP(B67,点位均值!$A:$A,点位均值!$C:$C,"无匹配") -> 4.0031332
A68: 41 | B68: 上海市徐汇区湖南路街道武康路137号 | C68: A2 商业界面 | D68: B1b 区域后退 | E68: B2c 墙面开洞 | I68: C2 开间尺度（单个店面或小片连续界面） | J68: D2 行道树 | K68: ==IF(TRIM(CLEAN(J68))="","",(IF(ISNUMBER(SEARCH("公共座椅",TRIM(CLEAN(J68)))),2,0)+IF(ISNUMBER(SEARCH("行道树",TRIM(CLEAN(J68)))),1,0)+IF(ISNUMBER(SEARCH("花坛",TRIM(CLEAN(J68)))),0.75,0)+IF(ISNUMBER(SEARCH("电线杆",TRIM(CLEAN(J68)))),0.5,0)+IF(ISNUMBER(SEARCH("路灯",TRIM(CLEAN(J68)))),0.5,0)+IF(ISNUMBER(SEARCH("共享单车",TRIM(CLEAN(J68)))),0.5,0)+IF(ISNUMBER(SEARCH("垃圾桶",TRIM(CLEAN(J68)))),-0.5,0))/(1+LN(1+(LEN(TRIM(CLEAN(J68)))-LEN(SUBSTITUTE(TRIM(CLEAN(J68)),";",""))+1)))) -> 0.59061611 | L68: 15 | M68: 1 | N68: 12 | O68: 餐饮/饮品 | P68: 2 | Q68: 5 | R68: 80 | S68: 80 | T68: 7 | U68: 5 | V68: 5 | W68: 1 | X68: 非常连续 | Z68: 5 | AA68: 3 | AB68: 5 | AE68: 树木；建筑 | AF68: 80 | AG68: 4 | AH68: 3 | AI68: 9 | AJ68: 4 | AK68: 0 | AL68: 9 | AM68: 0 | AN68: 7 | AO68: 2 | AP68: 0 | AQ68: 4 | AR68: 5 | AS68: 0 | AT68: 1 | AU68: 8 | AV68: 0 | AW68: 0 | AX68: 0 | AY68: 9 | AZ68: 0 | BA68: 0 | BB68: 0 | BC68: 0 | BD68: 0 | BE68: 0 | BF68: 0 | BG68: 0 | BH68: 0 | BI68: 0 | BJ68: ==AI68 -> 9 | BK68: ==BJ68/N68 -> 0.75 | BL68: ==AL68/AI68 -> 1 | BM68: ==IF(BJ68=0,0,AM68/BJ68) -> 0 | BN68: ==IF(BJ68=0,0,AN68/BJ68) -> 0.77777778 | BO68: ==IF(BJ68=0,0,AO68/BJ68) -> 0.22222222 | BP68: ==IF(BJ68=0,0,AP68/BJ68) -> 0 | BQ68: ==-IF(BM68=0,0,BM68*LN(BM68))-IF(BN68=0,0,BN68*LN(BN68))-IF(BO68=0,0,BO68*LN(BO68))-IF(BP68=0,0,BP68*LN(BP68)) -> 0.5297062 | BR68: ==IF(BJ68=0,0,BQ68/LN(4)*100) -> 38.210225 | BS68: ==_xlfn.XLOOKUP(B68,点位均值!$A:$A,点位均值!$B:$B,"无匹配") -> 0.11637717 | BT68: ==_xlfn.XLOOKUP(B68,点位均值!$A:$A,点位均值!$C:$C,"无匹配") -> 3.675718
A69: 42 | B69: 上海市徐汇区湖南路街道武康路286号 | C69: A2 商业界面 | D69: B1a 无后退 | E69: B2b 橱窗 | I69: C2 开间尺度（单个店面或小片连续界面） | J69: D2 行道树 | K69: ==IF(TRIM(CLEAN(J69))="","",(IF(ISNUMBER(SEARCH("公共座椅",TRIM(CLEAN(J69)))),2,0)+IF(ISNUMBER(SEARCH("行道树",TRIM(CLEAN(J69)))),1,0)+IF(ISNUMBER(SEARCH("花坛",TRIM(CLEAN(J69)))),0.75,0)+IF(ISNUMBER(SEARCH("电线杆",TRIM(CLEAN(J69)))),0.5,0)+IF(ISNUMBER(SEARCH("路灯",TRIM(CLEAN(J69)))),0.5,0)+IF(ISNUMBER(SEARCH("共享单车",TRIM(CLEAN(J69)))),0.5,0)+IF(ISNUMBER(SEARCH("垃圾桶",TRIM(CLEAN(J69)))),-0.5,0))/(1+LN(1+(LEN(TRIM(CLEAN(J69)))-LEN(SUBSTITUTE(TRIM(CLEAN(J69)),";",""))+1)))) -> 0.59061611 | L69: 3 | M69: 0 | N69: 3 | O69: 其他 | P69: 1 | Q69: 4 | R69: 0 | S69: 0 | T69: 4 | U69: 5 | V69: 2 | W69: 1 | Z69: 5 | AA69: 2 | AB69: 5 | AE69: 树木 | AF69: 80 | AG69: 2 | AH69: 3 | AI69: 2 | AJ69: 1 | AK69: 0 | AL69: 2 | AM69: 0 | AN69: 2 | AO69: 0 | AP69: 0 | AQ69: 1 | AR69: 1 | AS69: 0 | AT69: 0 | AU69: 2 | AV69: 0 | AW69: 0 | AX69: 0 | AY69: 2 | AZ69: 0 | BA69: 0 | BB69: 0 | BC69: 0 | BD69: 0 | BE69: 0 | BF69: 0 | BG69: 0 | BH69: 0 | BI69: 0 | BJ69: ==AI69 -> 2 | BK69: ==BJ69/N69 -> 0.66666667 | BL69: ==AL69/AI69 -> 1 | BM69: ==IF(BJ69=0,0,AM69/BJ69) -> 0 | BN69: ==IF(BJ69=0,0,AN69/BJ69) -> 1 | BO69: ==IF(BJ69=0,0,AO69/BJ69) -> 0 | BP69: ==IF(BJ69=0,0,AP69/BJ69) -> 0 | BQ69: ==-IF(BM69=0,0,BM69*LN(BM69))-IF(BN69=0,0,BN69*LN(BN69))-IF(BO69=0,0,BO69*LN(BO69))-IF(BP69=0,0,BP69*LN(BP69)) -> 0 | BR69: ==IF(BJ69=0,0,BQ69/LN(4)*100) -> 0 | BS69: ==_xlfn.XLOOKUP(B69,点位均值!$A:$A,点位均值!$B:$B,"无匹配") -> 0.1 | BT69: ==_xlfn.XLOOKUP(B69,点位均值!$A:$A,点位均值!$C:$C,"无匹配") -> 4.0031332
A70: 46 | B70: 上海市徐汇区湖南路街道新乐路2号 | C70: A2 商业界面 | D70: B1c 局部后退 | E70: B2d 完全开敞 | F70: B3a-i 外摆在内侧 | I70: C2 开间尺度（单个店面或小片连续界面） | J70: D2 行道树 | K70: ==IF(TRIM(CLEAN(J70))="","",(IF(ISNUMBER(SEARCH("公共座椅",TRIM(CLEAN(J70)))),2,0)+IF(ISNUMBER(SEARCH("行道树",TRIM(CLEAN(J70)))),1,0)+IF(ISNUMBER(SEARCH("花坛",TRIM(CLEAN(J70)))),0.75,0)+IF(ISNUMBER(SEARCH("电线杆",TRIM(CLEAN(J70)))),0.5,0)+IF(ISNUMBER(SEARCH("路灯",TRIM(CLEAN(J70)))),0.5,0)+IF(ISNUMBER(SEARCH("共享单车",TRIM(CLEAN(J70)))),0.5,0)+IF(ISNUMBER(SEARCH("垃圾桶",TRIM(CLEAN(J70)))),-0.5,0))/(1+LN(1+(LEN(TRIM(CLEAN(J70)))-LEN(SUBSTITUTE(TRIM(CLEAN(J70)),";",""))+1)))) -> 0.59061611 | O70: 零售 | P70: 3 | Q70: 5 | R70: 1000 | S70: 0 | T70: 3 | U70: 5 | V70: 5 | W70: 5 | Y70: image.jpg | Z70: 5 | AA70: 1 | AB70: 4 | AD70: image.jpg | AE70: 树木 | AF70: 30 | AG70: 4 | AH70: 3 | AI70: 2 | AJ70: 0 | AK70: 2 | AL70: 0 | AM70: 0 | AN70: 2 | AO70: 0 | AP70: 0 | AQ70: 0 | AR70: 2 | AS70: 0 | AT70: 2 | AU70: 0 | AV70: 0 | AW70: 1 | AX70: 0 | AY70: 0 | AZ70: 0 | BA70: 0 | BB70: 0 | BC70: 1 | BD70: 0 | BE70: 0 | BF70: 0 | BG70: 0 | BH70: 0 | BI70: 0 | BJ70: ==AI70 -> 2 | BK70: ==BJ70/N70 -> #DIV/0! | BL70: ==AL70/AI70 -> 0 | BM70: ==IF(BJ70=0,0,AM70/BJ70) -> 0 | BN70: ==IF(BJ70=0,0,AN70/BJ70) -> 1 | BO70: ==IF(BJ70=0,0,AO70/BJ70) -> 0 | BP70: ==IF(BJ70=0,0,AP70/BJ70) -> 0 | BQ70: ==-IF(BM70=0,0,BM70*LN(BM70))-IF(BN70=0,0,BN70*LN(BN70))-IF(BO70=0,0,BO70*LN(BO70))-IF(BP70=0,0,BP70*LN(BP70)) -> 0 | BR70: ==IF(BJ70=0,0,BQ70/LN(4)*100) -> 0 | BS70: ==_xlfn.XLOOKUP(B70,点位均值!$A:$A,点位均值!$B:$B,"无匹配") -> 0.54218362 | BT70: ==_xlfn.XLOOKUP(B70,点位均值!$A:$A,点位均值!$C:$C,"无匹配") -> 2.1420366
A71: 47 | B71: 上海市徐汇区湖南路街道新乐路9号 | C71: A2 商业界面 | D71: B1a 无后退 | E71: B2c 墙面开洞 | F71: B3a-i 外摆在内侧；B3a-ii 外摆在外侧 | I71: C2 开间尺度（单个店面或小片连续界面） | J71: D2 行道树 | K71: ==IF(TRIM(CLEAN(J71))="","",(IF(ISNUMBER(SEARCH("公共座椅",TRIM(CLEAN(J71)))),2,0)+IF(ISNUMBER(SEARCH("行道树",TRIM(CLEAN(J71)))),1,0)+IF(ISNUMBER(SEARCH("花坛",TRIM(CLEAN(J71)))),0.75,0)+IF(ISNUMBER(SEARCH("电线杆",TRIM(CLEAN(J71)))),0.5,0)+IF(ISNUMBER(SEARCH("路灯",TRIM(CLEAN(J71)))),0.5,0)+IF(ISNUMBER(SEARCH("共享单车",TRIM(CLEAN(J71)))),0.5,0)+IF(ISNUMBER(SEARCH("垃圾桶",TRIM(CLEAN(J71)))),-0.5,0))/(1+LN(1+(LEN(TRIM(CLEAN(J71)))-LEN(SUBSTITUTE(TRIM(CLEAN(J71)),";",""))+1)))) -> 0.59061611 | L71: 9.7 | M71: 1 | N71: 17.4 | O71: 餐饮/饮品 | P71: 1 | Q71: 4 | R71: 17 | S71: 75 | T71: 10 | U71: 3.5 | V71: 2 | W71: 2 | X71: 不连续，紧邻小巷 | Y71: IMG_5790.jpg | Z71: 4 | AA71: 3 | AB71: 2.5 | AC71: 停留集中，铺地有变化，缓慢下沉 | AD71: IMG_5791.jpg | AE71: 树木；雨棚 | AF71: 70 | AG71: 3 | AH71: 2 | AI71: 12 | AJ71: 4 | AK71: 4 | AL71: 8 | AM71: 0 | AN71: 6 | AO71: 5 | AP71: 1 | AQ71: 5 | AR71: 7 | AS71: 0 | AT71: 8 | AU71: 4 | AV71: 2 | AW71: 3 | AX71: 1 | AY71: 0 | AZ71: 4 | BA71: 0 | BB71: 7 | BC71: 5 | BD71: 0 | BE71: 0 | BF71: 0 | BG71: 0 | BH71: 0 | BI71: 0 | BJ71: ==AI71 -> 12 | BK71: ==BJ71/N71 -> 0.68965517 | BL71: ==AL71/AI71 -> 0.66666667 | BM71: ==IF(BJ71=0,0,AM71/BJ71) -> 0 | BN71: ==IF(BJ71=0,0,AN71/BJ71) -> 0.5 | BO71: ==IF(BJ71=0,0,AO71/BJ71) -> 0.41666667 | BP71: ==IF(BJ71=0,0,AP71/BJ71) -> 0.083333333 | BQ71: ==-IF(BM71=0,0,BM71*LN(BM71))-IF(BN71=0,0,BN71*LN(BN71))-IF(BO71=0,0,BO71*LN(BO71))-IF(BP71=0,0,BP71*LN(BP71)) -> 0.91842778 | BR71: ==IF(BJ71=0,0,BQ71/LN(4)*100) -> 66.250561 | BS71: ==_xlfn.XLOOKUP(B71,点位均值!$A:$A,点位均值!$B:$B,"无匹配") -> 1.5411911 | BT71: ==_xlfn.XLOOKUP(B71,点位均值!$A:$A,点位均值!$C:$C,"无匹配") -> 3.1932115
A72: 48 | B72: 上海市徐汇区湖南路街道新乐路82号 | C72: A2 商业界面 | D72: B1a 无后退 | E72: B2c 墙面开洞 | I72: C2 开间尺度（单个店面或小片连续界面） | J72: D2 行道树 | K72: ==IF(TRIM(CLEAN(J72))="","",(IF(ISNUMBER(SEARCH("公共座椅",TRIM(CLEAN(J72)))),2,0)+IF(ISNUMBER(SEARCH("行道树",TRIM(CLEAN(J72)))),1,0)+IF(ISNUMBER(SEARCH("花坛",TRIM(CLEAN(J72)))),0.75,0)+IF(ISNUMBER(SEARCH("电线杆",TRIM(CLEAN(J72)))),0.4,0)+IF(ISNUMBER(SEARCH("路灯",TRIM(CLEAN(J72)))),0.45,0)+IF(ISNUMBER(SEARCH("共享单车",TRIM(CLEAN(J72)))),0.35,0)+IF(ISNUMBER(SEARCH("垃圾桶",TRIM(CLEAN(J72)))),-0.5,0))/(1+LN(1+(LEN(TRIM(CLEAN(J72)))-LEN(SUBSTITUTE(TRIM(CLEAN(J72)),";",""))+1)))) -> 0.59061611 | L72: 7.4 | M72: 0 | N72: 10.8 | O72: 餐饮/饮品 | P72: 2 | Q72: 4 | R72: 26 | S72: 0 | T72: 0 | U72: 3 | V72: 3 | W72: 3 | Y72: photo (3).jpg | Z72: 4 | AA72: 2 | AB72: 3 | AC72: 停留为主（消费）；铺地统一；平地；开敞 | AD72: photo (3).jpg | AE72: 树木；雨棚 | AF72: 80 | AG72: 3 | AH72: 3 | AI72: 8 | AJ72: 3 | AK72: 1 | AL72: 7 | AM72: 0 | AN72: 6 | AO72: 2 | AP72: 0 | AQ72: 4 | AR72: 4 | AS72: 0 | AT72: 0 | AU72: 8 | AV72: 2 | AW72: 5 | AX72: 6 | AY72: 0 | AZ72: 3 | BA72: 0 | BB72: 0 | BC72: 0 | BD72: 0 | BE72: 0 | BF72: 0 | BG72: 0 | BH72: 0 | BI72: 0 | BJ72: ==AI72 -> 8 | BK72: ==BJ72/N72 -> 0.74074074 | BL72: ==AL72/AI72 -> 0.875 | BM72: ==IF(BJ72=0,0,AM72/BJ72) -> 0 | BN72: ==IF(BJ72=0,0,AN72/BJ72) -> 0.75 | BO72: ==IF(BJ72=0,0,AO72/BJ72) -> 0.25 | BP72: ==IF(BJ72=0,0,AP72/BJ72) -> 0 | BQ72: ==-IF(BM72=0,0,BM72*LN(BM72))-IF(BN72=0,0,BN72*LN(BN72))-IF(BO72=0,0,BO72*LN(BO72))-IF(BP72=0,0,BP72*LN(BP72)) -> 0.56233514 | BR72: ==IF(BJ72=0,0,BQ72/LN(4)*100) -> 40.563906 | BS72: ==_xlfn.XLOOKUP(B72,点位均值!$A:$A,点位均值!$B:$B,"无匹配") -> 1.6415012 | BT72: ==_xlfn.XLOOKUP(B72,点位均值!$A:$A,点位均值!$C:$C,"无匹配") -> 3.6864883
A73: 54 | B73: 上海市徐汇区湖南路街道延庆路123号 | C73: A1 居住界面 | D73: B1a 无后退 | E73: B2a 仅仅墙面 | I73: C3 建筑尺度（整栋建筑） | J73: D2 行道树 | K73: ==IF(TRIM(CLEAN(J73))="","",(IF(ISNUMBER(SEARCH("公共座椅",TRIM(CLEAN(J73)))),2,0)+IF(ISNUMBER(SEARCH("行道树",TRIM(CLEAN(J73)))),1,0)+IF(ISNUMBER(SEARCH("花坛",TRIM(CLEAN(J73)))),0.75,0)+IF(ISNUMBER(SEARCH("电线杆",TRIM(CLEAN(J73)))),0.4,0)+IF(ISNUMBER(SEARCH("路灯",TRIM(CLEAN(J73)))),0.45,0)+IF(ISNUMBER(SEARCH("共享单车",TRIM(CLEAN(J73)))),0.35,0)+IF(ISNUMBER(SEARCH("垃圾桶",TRIM(CLEAN(J73)))),-0.5,0))/(1+LN(1+(LEN(TRIM(CLEAN(J73)))-LEN(SUBSTITUTE(TRIM(CLEAN(J73)),";",""))+1)))) -> 0.59061611 | L73: 27 | M73: 0 | N73: 61.6 | O73: 其他 | P73: 1 | Q73: 1 | R73: 0 | S73: 0 | T73: 0 | U73: 3.5 | V73: 4 | W73: 3.5 | X73: 为了拍摄对面店铺进行停留界面连续整齐 | Y73: 8ec038fb9f7acc04db1df750420bcf9a.jpg | Z73: 3 | AA73: 3.5 | AB73: 3.5 | AC73: 无座位停留，站立停留，无特殊铺地、无围合、无抬升 | AD73: 8ec038fb9f7acc04db1df750420bcf9a.jpg | AE73: 树木 | AF73: 90 | AG73: 3.5 | AH73: 4 | AI73: 6 | AJ73: 2 | AK73: 1 | AL73: 5 | AM73: 0 | AN73: 6 | AO73: 0 | AP73: 0 | AQ73: 2 | AR73: 4 | AS73: 0 | AT73: 0 | AU73: 6 | AV73: 0 | AW73: 0 | AX73: 0 | AY73: 6 | AZ73: 5 | BA73: 0 | BB73: 0 | BC73: 0 | BD73: 0 | BE73: 0 | BF73: 0 | BG73: 0 | BH73: 0 | BI73: 0 | BJ73: ==AI73 -> 6 | BK73: ==BJ73/N73 -> 0.097402597 | BL73: ==AL73/AI73 -> 0.83333333 | BM73: ==IF(BJ73=0,0,AM73/BJ73) -> 0 | BN73: ==IF(BJ73=0,0,AN73/BJ73) -> 1 | BO73: ==IF(BJ73=0,0,AO73/BJ73) -> 0 | BP73: ==IF(BJ73=0,0,AP73/BJ73) -> 0 | BQ73: ==-IF(BM73=0,0,BM73*LN(BM73))-IF(BN73=0,0,BN73*LN(BN73))-IF(BO73=0,0,BO73*LN(BO73))-IF(BP73=0,0,BP73*LN(BP73)) -> 0 | BR73: ==IF(BJ73=0,0,BQ73/LN(4)*100) -> 0 | BS73: ==_xlfn.XLOOKUP(B73,点位均值!$A:$A,点位均值!$B:$B,"无匹配") -> 0.75508685 | BT73: ==_xlfn.XLOOKUP(B73,点位均值!$A:$A,点位均值!$C:$C,"无匹配") -> 4.6924282
A74: 57 | B74: 上海市徐汇区湖南路街道长乐路339弄17号 | C74: A2 商业界面 | D74: B1a 无后退 | E74: B2d 完全开敞 | F74: B3a-i 外摆在内侧 | I74: C1 构件尺度（窗口、洞口、座椅） | J74: D2 行道树 | K74: ==IF(TRIM(CLEAN(J74))="","",(IF(ISNUMBER(SEARCH("公共座椅",TRIM(CLEAN(J74)))),2,0)+IF(ISNUMBER(SEARCH("行道树",TRIM(CLEAN(J74)))),1,0)+IF(ISNUMBER(SEARCH("花坛",TRIM(CLEAN(J74)))),0.75,0)+IF(ISNUMBER(SEARCH("电线杆",TRIM(CLEAN(J74)))),0.4,0)+IF(ISNUMBER(SEARCH("路灯",TRIM(CLEAN(J74)))),0.45,0)+IF(ISNUMBER(SEARCH("共享单车",TRIM(CLEAN(J74)))),0.35,0)+IF(ISNUMBER(SEARCH("垃圾桶",TRIM(CLEAN(J74)))),-0.5,0))/(1+LN(1+(LEN(TRIM(CLEAN(J74)))-LEN(SUBSTITUTE(TRIM(CLEAN(J74)),";",""))+1)))) -> 0.59061611 | L74: 7 | M74: 0 | N74: 12.5 | O74: 餐饮/饮品 | P74: 1 | Q74: 4 | R74: 38 | S74: 100 | T74: 4 | U74: 4 | V74: 4 | W74: 3 | X74: 一侧为民宅入口，一侧为餐饮铺 | Z74: 3 | AA74: 4 | AB74: 4 | AC74: 无 | AE74: 树木；雨棚 | AF74: 100 | AG74: 3 | AH74: 3 | AI74: 3 | AJ74: 1 | AK74: 1 | AL74: 2 | AM74: 0 | AN74: 2 | AO74: 1 | AP74: 0 | AQ74: 1 | AR74: 2 | AS74: 0 | AT74: 2 | AU74: 1 | AV74: 0 | AW74: 0 | AX74: 1 | AY74: 0 | AZ74: 2 | BA74: 0 | BB74: 2 | BC74: 0 | BD74: 0 | BE74: 0 | BF74: 0 | BG74: 0 | BH74: 0 | BI74: 0 | BJ74: ==AI74 -> 3 | BK74: ==BJ74/N74 -> 0.24 | BL74: ==AL74/AI74 -> 0.66666667 | BM74: ==IF(BJ74=0,0,AM74/BJ74) -> 0 | BN74: ==IF(BJ74=0,0,AN74/BJ74) -> 0.66666667 | BO74: ==IF(BJ74=0,0,AO74/BJ74) -> 0.33333333 | BP74: ==IF(BJ74=0,0,AP74/BJ74) -> 0 | BQ74: ==-IF(BM74=0,0,BM74*LN(BM74))-IF(BN74=0,0,BN74*LN(BN74))-IF(BO74=0,0,BO74*LN(BO74))-IF(BP74=0,0,BP74*LN(BP74)) -> 0.63651417 | BR74: ==IF(BJ74=0,0,BQ74/LN(4)*100) -> 45.914792 | BS74: ==_xlfn.XLOOKUP(B74,点位均值!$A:$A,点位均值!$B:$B,"无匹配") -> 1.246402 | BT74: ==_xlfn.XLOOKUP(B74,点位均值!$A:$A,点位均值!$C:$C,"无匹配") -> 2.710705
A75: 58 | B75: 上海市徐汇区湖南路街道长乐路411号 | C75: A2 商业界面 | D75: B1a 无后退 | E75: B2c 墙面开洞 | F75: B3a-ii 外摆在外侧 | I75: C1 构件尺度（窗口、洞口、座椅） | J75: D2 行道树 | K75: ==IF(TRIM(CLEAN(J75))="","",(IF(ISNUMBER(SEARCH("公共座椅",TRIM(CLEAN(J75)))),2,0)+IF(ISNUMBER(SEARCH("行道树",TRIM(CLEAN(J75)))),1,0)+IF(ISNUMBER(SEARCH("花坛",TRIM(CLEAN(J75)))),0.75,0)+IF(ISNUMBER(SEARCH("电线杆",TRIM(CLEAN(J75)))),0.4,0)+IF(ISNUMBER(SEARCH("路灯",TRIM(CLEAN(J75)))),0.45,0)+IF(ISNUMBER(SEARCH("共享单车",TRIM(CLEAN(J75)))),0.35,0)+IF(ISNUMBER(SEARCH("垃圾桶",TRIM(CLEAN(J75)))),-0.5,0))/(1+LN(1+(LEN(TRIM(CLEAN(J75)))-LEN(SUBSTITUTE(TRIM(CLEAN(J75)),";",""))+1)))) -> 0.59061611 | L75: 7 | M75: 0.5 | N75: 12.5 | O75: 餐饮/饮品 | P75: 2 | Q75: 5 | R75: 9 | S75: 0 | T75: 1 | U75: 4.5 | V75: 2.5 | W75: 3.5 | X75: 一侧是彩票店，一侧是柠檬茶饮品。 | Z75: 4.5 | AA75: 4 | AB75: 3 | AC75: 无 | AE75: 树木 | AF75: 100 | AG75: 3.5 | AH75: 4 | AI75: 7 | AJ75: 3 | AK75: 1 | AL75: 6 | AM75: 1 | AN75: 2 | AO75: 4 | AP75: 0 | AQ75: 2 | AR75: 5 | AS75: 0 | AT75: 0 | AU75: 7 | AV75: 0 | AW75: 2 | AX75: 6 | AY75: 0 | AZ75: 2 | BA75: 0 | BB75: 0 | BC75: 0 | BD75: 0 | BE75: 0 | BF75: 0 | BG75: 0 | BH75: 0 | BI75: 0 | BJ75: ==AI75 -> 7 | BK75: ==BJ75/N75 -> 0.56 | BL75: ==AL75/AI75 -> 0.85714286 | BM75: ==IF(BJ75=0,0,AM75/BJ75) -> 0.14285714 | BN75: ==IF(BJ75=0,0,AN75/BJ75) -> 0.28571429 | BO75: ==IF(BJ75=0,0,AO75/BJ75) -> 0.57142857 | BP75: ==IF(BJ75=0,0,AP75/BJ75) -> 0 | BQ75: ==-IF(BM75=0,0,BM75*LN(BM75))-IF(BN75=0,0,BN75*LN(BN75))-IF(BO75=0,0,BO75*LN(BO75))-IF(BP75=0,0,BP75*LN(BP75)) -> 0.95569989 | BR75: ==IF(BJ75=0,0,BQ75/LN(4)*100) -> 68.939175 | BS75: ==_xlfn.XLOOKUP(B75,点位均值!$A:$A,点位均值!$B:$B,"无匹配") -> 1.6441333 | BT75: ==_xlfn.XLOOKUP(B75,点位均值!$A:$A,点位均值!$C:$C,"无匹配") -> 2.1937337
A76: 70 | B76: 上海市黄浦区瑞金二路街道茂名南路72号 | C76: A2 商业界面 | D76: B1a 无后退 | E76: B2b 橱窗 | I76: C3 建筑尺度（整栋建筑） | J76: D2 行道树 | K76: ==IF(TRIM(CLEAN(J76))="","",(IF(ISNUMBER(SEARCH("公共座椅",TRIM(CLEAN(J76)))),2,0)+IF(ISNUMBER(SEARCH("行道树",TRIM(CLEAN(J76)))),1,0)+IF(ISNUMBER(SEARCH("花坛",TRIM(CLEAN(J76)))),0.75,0)+IF(ISNUMBER(SEARCH("电线杆",TRIM(CLEAN(J76)))),0.4,0)+IF(ISNUMBER(SEARCH("路灯",TRIM(CLEAN(J76)))),0.45,0)+IF(ISNUMBER(SEARCH("共享单车",TRIM(CLEAN(J76)))),0.35,0)+IF(ISNUMBER(SEARCH("垃圾桶",TRIM(CLEAN(J76)))),-0.5,0))/(1+LN(1+(LEN(TRIM(CLEAN(J76)))-LEN(SUBSTITUTE(TRIM(CLEAN(J76)),";",""))+1)))) -> 0.59061611 | L76: 6 | M76: 0 | N76: 5 | O76: 餐饮/饮品 | P76: 1 | Q76: 1 | T76: 12 | U76: 4 | V76: 4 | W76: 3 | Y76: 1787998812985.jpg | Z76: 4 | AA76: 1 | AB76: 5 | AE76: 树木；建筑 | AF76: 70 | AG76: 2 | AH76: 4 | AI76: 9 | AJ76: 3 | AK76: 1 | AL76: 8 | AM76: 0 | AN76: 8 | AO76: 1 | AP76: 0 | AQ76: 1 | AR76: 8 | AS76: 0 | AT76: 0 | AU76: 9 | AV76: 3 | AW76: 4 | AX76: 0 | AY76: 0 | AZ76: 2 | BA76: 0 | BB76: 0 | BC76: 0 | BD76: 0 | BE76: 0 | BF76: 0 | BG76: 0 | BH76: 0 | BI76: 0 | BJ76: ==AI76 -> 9 | BK76: ==BJ76/N76 -> 1.8 | BL76: ==AL76/AI76 -> 0.88888889 | BM76: ==IF(BJ76=0,0,AM76/BJ76) -> 0 | BN76: ==IF(BJ76=0,0,AN76/BJ76) -> 0.88888889 | BO76: ==IF(BJ76=0,0,AO76/BJ76) -> 0.11111111 | BP76: ==IF(BJ76=0,0,AP76/BJ76) -> 0 | BQ76: ==-IF(BM76=0,0,BM76*LN(BM76))-IF(BN76=0,0,BN76*LN(BN76))-IF(BO76=0,0,BO76*LN(BO76))-IF(BP76=0,0,BP76*LN(BP76)) -> 0.3488321 | BR76: ==IF(BJ76=0,0,BQ76/LN(4)*100) -> 25.162917 | BS76: ==_xlfn.XLOOKUP(B76,点位均值!$A:$A,点位均值!$B:$B,"无匹配") -> 0.59131514 | BT76: ==_xlfn.XLOOKUP(B76,点位均值!$A:$A,点位均值!$C:$C,"无匹配") -> 2.1937337
A77: 73 | B77: 上海市黄浦区瑞金二路街道南昌路209弄2号 | C77: A2 商业界面 | D77: B1a 无后退 | E77: B2b 橱窗 | I77: C2 开间尺度（单个店面或小片连续界面） | J77: D2 行道树 | K77: ==IF(TRIM(CLEAN(J77))="","",(IF(ISNUMBER(SEARCH("公共座椅",TRIM(CLEAN(J77)))),2,0)+IF(ISNUMBER(SEARCH("行道树",TRIM(CLEAN(J77)))),1,0)+IF(ISNUMBER(SEARCH("花坛",TRIM(CLEAN(J77)))),0.75,0)+IF(ISNUMBER(SEARCH("电线杆",TRIM(CLEAN(J77)))),0.4,0)+IF(ISNUMBER(SEARCH("路灯",TRIM(CLEAN(J77)))),0.45,0)+IF(ISNUMBER(SEARCH("共享单车",TRIM(CLEAN(J77)))),0.35,0)+IF(ISNUMBER(SEARCH("垃圾桶",TRIM(CLEAN(J77)))),-0.5,0))/(1+LN(1+(LEN(TRIM(CLEAN(J77)))-LEN(SUBSTITUTE(TRIM(CLEAN(J77)),";",""))+1)))) -> 0.59061611 | L77: 3.6 | M77: 0 | N77: 17.28 | O77: 餐饮/饮品 | P77: 1 | Q77: 3 | R77: 32 | S77: 50 | T77: 8 | U77: 3 | V77: 2 | W77: 3 | X77: 沿街店铺风格各异 | Z77: 1 | AA77: 2 | AB77: 2 | AC77: 铺地不太平整 | AE77: 树木；建筑 | AF77: 30 | AG77: 3 | AH77: 3 | AI77: 11 | AJ77: 4 | AK77: 2 | AL77: 9 | AM77: 0 | AN77: 11 | AO77: 0 | AP77: 0 | AQ77: 6 | AR77: 5 | AS77: 0 | AT77: 0 | AU77: 11 | AV77: 2 | AW77: 4 | AX77: 0 | AY77: 5 | AZ77: 0 | BA77: 0 | BB77: 0 | BC77: 0 | BD77: 0 | BE77: 0 | BF77: 0 | BG77: 0 | BH77: 0 | BI77: 0 | BJ77: ==AI77 -> 11 | BK77: ==BJ77/N77 -> 0.63657407 | BL77: ==AL77/AI77 -> 0.81818182 | BM77: ==IF(BJ77=0,0,AM77/BJ77) -> 0 | BN77: ==IF(BJ77=0,0,AN77/BJ77) -> 1 | BO77: ==IF(BJ77=0,0,AO77/BJ77) -> 0 | BP77: ==IF(BJ77=0,0,AP77/BJ77) -> 0 | BQ77: ==-IF(BM77=0,0,BM77*LN(BM77))-IF(BN77=0,0,BN77*LN(BN77))-IF(BO77=0,0,BO77*LN(BO77))-IF(BP77=0,0,BP77*LN(BP77)) -> 0 | BR77: ==IF(BJ77=0,0,BQ77/LN(4)*100) -> 0 | BS77: ==_xlfn.XLOOKUP(B77,点位均值!$A:$A,点位均值!$B:$B,"无匹配") -> 0.28759305 | BT77: ==_xlfn.XLOOKUP(B77,点位均值!$A:$A,点位均值!$C:$C,"无匹配") -> 3.213577
A78: 75 | B78: 上海市黄浦区瑞金二路街道绍兴路8号 | C78: A2 商业界面 | D78: B1a 无后退 | E78: B2d 完全开敞 | F78: B3a-i 外摆在内侧 | I78: C2 开间尺度（单个店面或小片连续界面） | J78: D2 行道树 | K78: ==IF(TRIM(CLEAN(J78))="","",(IF(ISNUMBER(SEARCH("公共座椅",TRIM(CLEAN(J78)))),2,0)+IF(ISNUMBER(SEARCH("行道树",TRIM(CLEAN(J78)))),1,0)+IF(ISNUMBER(SEARCH("花坛",TRIM(CLEAN(J78)))),0.75,0)+IF(ISNUMBER(SEARCH("电线杆",TRIM(CLEAN(J78)))),0.4,0)+IF(ISNUMBER(SEARCH("路灯",TRIM(CLEAN(J78)))),0.45,0)+IF(ISNUMBER(SEARCH("共享单车",TRIM(CLEAN(J78)))),0.35,0)+IF(ISNUMBER(SEARCH("垃圾桶",TRIM(CLEAN(J78)))),-0.5,0))/(1+LN(1+(LEN(TRIM(CLEAN(J78)))-LEN(SUBSTITUTE(TRIM(CLEAN(J78)),";",""))+1)))) -> 0.59061611 | L78: 4.5 | M78: 0 | N78: 6 | O78: 零售 | P78: 2 | Q78: 4 | R78: 10 | S78: 30 | T78: 6 | U78: 3 | V78: 5 | W78: 3.5 | Z78: 1.5 | AA78: 2 | AB78: 5 | AE78: 树木 | AF78: 50 | AG78: 3 | AH78: 3 | AI78: 6 | AJ78: 2 | AK78: 1 | AL78: 5 | AM78: 0 | AN78: 0 | AO78: 1 | AP78: 5 | AQ78: 5 | AR78: 1 | AS78: 0 | AT78: 4 | AU78: 2 | AV78: 2 | AW78: 0 | AX78: 0 | AY78: 0 | AZ78: 0 | BA78: 0 | BB78: 0 | BC78: 1 | BD78: 0 | BE78: 0 | BF78: 3 | BG78: 0 | BH78: 0 | BI78: 0 | BJ78: ==AI78 -> 6 | BK78: ==BJ78/N78 -> 1 | BL78: ==AL78/AI78 -> 0.83333333 | BM78: ==IF(BJ78=0,0,AM78/BJ78) -> 0 | BN78: ==IF(BJ78=0,0,AN78/BJ78) -> 0 | BO78: ==IF(BJ78=0,0,AO78/BJ78) -> 0.16666667 | BP78: ==IF(BJ78=0,0,AP78/BJ78) -> 0.83333333 | BQ78: ==-IF(BM78=0,0,BM78*LN(BM78))-IF(BN78=0,0,BN78*LN(BN78))-IF(BO78=0,0,BO78*LN(BO78))-IF(BP78=0,0,BP78*LN(BP78)) -> 0.45056121 | BR78: ==IF(BJ78=0,0,BQ78/LN(4)*100) -> 32.501121 | BS78: ==_xlfn.XLOOKUP(B78,点位均值!$A:$A,点位均值!$B:$B,"无匹配") -> 2.6507444 | BT78: ==_xlfn.XLOOKUP(B78,点位均值!$A:$A,点位均值!$C:$C,"无匹配") -> 0.44033943
A79: 76 | B79: 上海市黄浦区瑞金二路街道绍兴路19号 | C79: A2 商业界面 | D79: B1a 无后退 | E79: B2b 橱窗 | F79: B3a-i 外摆在内侧 | I79: C2 开间尺度（单个店面或小片连续界面） | J79: D2 行道树 | K79: ==IF(TRIM(CLEAN(J79))="","",(IF(ISNUMBER(SEARCH("公共座椅",TRIM(CLEAN(J79)))),2,0)+IF(ISNUMBER(SEARCH("行道树",TRIM(CLEAN(J79)))),1,0)+IF(ISNUMBER(SEARCH("花坛",TRIM(CLEAN(J79)))),0.75,0)+IF(ISNUMBER(SEARCH("电线杆",TRIM(CLEAN(J79)))),0.4,0)+IF(ISNUMBER(SEARCH("路灯",TRIM(CLEAN(J79)))),0.45,0)+IF(ISNUMBER(SEARCH("共享单车",TRIM(CLEAN(J79)))),0.35,0)+IF(ISNUMBER(SEARCH("垃圾桶",TRIM(CLEAN(J79)))),-0.5,0))/(1+LN(1+(LEN(TRIM(CLEAN(J79)))-LEN(SUBSTITUTE(TRIM(CLEAN(J79)),";",""))+1)))) -> 0.59061611 | L79: 5 | M79: 0 | N79: 12.5 | O79: 餐饮/饮品 | P79: 2 | Q79: 3 | R79: 76 | S79: 80 | T79: 30 | U79: 4 | V79: 1.5 | W79: 3 | X79: 不连续 | Z79: 3.5 | AA79: 2.5 | AB79: 4 | AC79: 铺地平整，常有人在门口排队，或站或坐在隔壁长椅上喝酒 | AE79: 树木 | AF79: 50 | AG79: 4 | AH79: 3.5 | AI79: 16 | AJ79: 6 | AK79: 2 | AL79: 14 | AM79: 0 | AN79: 16 | AO79: 0 | AP79: 0 | AQ79: 4 | AR79: 12 | AS79: 0 | AT79: 5 | AU79: 11 | AV79: 0 | AW79: 0 | AX79: 12 | AY79: 3 | AZ79: 7 | BA79: 0 | BB79: 1 | BC79: 5 | BD79: 0 | BE79: 0 | BF79: 0 | BG79: 0 | BH79: 0 | BI79: 0 | BJ79: ==AI79 -> 16 | BK79: ==BJ79/N79 -> 1.28 | BL79: ==AL79/AI79 -> 0.875 | BM79: ==IF(BJ79=0,0,AM79/BJ79) -> 0 | BN79: ==IF(BJ79=0,0,AN79/BJ79) -> 1 | BO79: ==IF(BJ79=0,0,AO79/BJ79) -> 0 | BP79: ==IF(BJ79=0,0,AP79/BJ79) -> 0 | BQ79: ==-IF(BM79=0,0,BM79*LN(BM79))-IF(BN79=0,0,BN79*LN(BN79))-IF(BO79=0,0,BO79*LN(BO79))-IF(BP79=0,0,BP79*LN(BP79)) -> 0 | BR79: ==IF(BJ79=0,0,BQ79/LN(4)*100) -> 0 | BS79: ==_xlfn.XLOOKUP(B79,点位均值!$A:$A,点位均值!$B:$B,"无匹配") -> 0.95058933 | BT79: ==_xlfn.XLOOKUP(B79,点位均值!$A:$A,点位均值!$C:$C,"无匹配") -> 3.5249347
A80: 78 | B80: 上海市徐汇区天平路街道宝庆路21号 | C80: A2 商业界面 | D80: B1a 无后退 | E80: B2b 橱窗 | I80: C3 建筑尺度（整栋建筑） | J80: D2 行道树 | K80: ==IF(TRIM(CLEAN(J80))="","",(IF(ISNUMBER(SEARCH("公共座椅",TRIM(CLEAN(J80)))),2,0)+IF(ISNUMBER(SEARCH("行道树",TRIM(CLEAN(J80)))),1,0)+IF(ISNUMBER(SEARCH("花坛",TRIM(CLEAN(J80)))),0.75,0)+IF(ISNUMBER(SEARCH("电线杆",TRIM(CLEAN(J80)))),0.4,0)+IF(ISNUMBER(SEARCH("路灯",TRIM(CLEAN(J80)))),0.45,0)+IF(ISNUMBER(SEARCH("共享单车",TRIM(CLEAN(J80)))),0.35,0)+IF(ISNUMBER(SEARCH("垃圾桶",TRIM(CLEAN(J80)))),-0.5,0))/(1+LN(1+(LEN(TRIM(CLEAN(J80)))-LEN(SUBSTITUTE(TRIM(CLEAN(J80)),";",""))+1)))) -> 0.59061611 | L80: 12 | M80: 3 | N80: 48 | O80: 零售 | P80: 1 | Q80: 2 | R80: 574 | S80: 90 | T80: 50 | U80: 5 | V80: 4 | W80: 3 | X80: 临界界面风格一致，均为红墙白顶 | Z80: 3 | AA80: 2 | AB80: 5 | AC80: 人行道平整，入口处有铺地变化 | AE80: 树木 | AF80: 60 | AG80: 5 | AH80: 3 | AI80: 2 | AJ80: 2 | AK80: 0 | AL80: 2 | AM80: 0 | AN80: 2 | AO80: 0 | AP80: 0 | AQ80: 1 | AR80: 1 | AS80: 0 | AT80: 2 | AU80: 0 | AV80: 0 | AW80: 2 | AX80: 0 | AY80: 2 | AZ80: 2 | BA80: 0 | BB80: 0 | BC80: 0 | BD80: 0 | BE80: 0 | BF80: 0 | BG80: 0 | BH80: 0 | BI80: 0 | BJ80: ==AI80 -> 2 | BK80: ==BJ80/N80 -> 0.041666667 | BL80: ==AL80/AI80 -> 1 | BM80: ==IF(BJ80=0,0,AM80/BJ80) -> 0 | BN80: ==IF(BJ80=0,0,AN80/BJ80) -> 1 | BO80: ==IF(BJ80=0,0,AO80/BJ80) -> 0 | BP80: ==IF(BJ80=0,0,AP80/BJ80) -> 0 | BQ80: ==-IF(BM80=0,0,BM80*LN(BM80))-IF(BN80=0,0,BN80*LN(BN80))-IF(BO80=0,0,BO80*LN(BO80))-IF(BP80=0,0,BP80*LN(BP80)) -> 0 | BR80: ==IF(BJ80=0,0,BQ80/LN(4)*100) -> 0 | BS80: ==_xlfn.XLOOKUP(B80,点位均值!$A:$A,点位均值!$B:$B,"无匹配") -> 1.3774194 | BT80: ==_xlfn.XLOOKUP(B80,点位均值!$A:$A,点位均值!$C:$C,"无匹配") -> 6.8981723
A81: 79 | B81: 上海市徐汇区天平路街道汾阳路77号 | C81: A2 商业界面 | D81: B1a 无后退 | E81: B2b 橱窗 | F81: B3a-ii 外摆在外侧 | I81: C2 开间尺度（单个店面或小片连续界面） | J81: D2 行道树 | K81: ==IF(TRIM(CLEAN(J81))="","",(IF(ISNUMBER(SEARCH("公共座椅",TRIM(CLEAN(J81)))),2,0)+IF(ISNUMBER(SEARCH("行道树",TRIM(CLEAN(J81)))),1,0)+IF(ISNUMBER(SEARCH("花坛",TRIM(CLEAN(J81)))),0.75,0)+IF(ISNUMBER(SEARCH("电线杆",TRIM(CLEAN(J81)))),0.4,0)+IF(ISNUMBER(SEARCH("路灯",TRIM(CLEAN(J81)))),0.45,0)+IF(ISNUMBER(SEARCH("共享单车",TRIM(CLEAN(J81)))),0.35,0)+IF(ISNUMBER(SEARCH("垃圾桶",TRIM(CLEAN(J81)))),-0.5,0))/(1+LN(1+(LEN(TRIM(CLEAN(J81)))-LEN(SUBSTITUTE(TRIM(CLEAN(J81)),";",""))+1)))) -> 0.59061611 | L81: 4.8 | M81: 0 | N81: 9 | O81: 餐饮/饮品 | P81: 1 | Q81: 4 | R81: 59 | S81: 80 | T81: 4 | U81: 4 | V81: 3.33 | W81: 4 | X81: 较连续，石砖橱窗风格一致 | Z81: 4 | AA81: 4 | AB81: 4.67 | AC81: 铺地平整，有下坡 | AE81: 树木 | AF81: 80 | AG81: 4 | AH81: 3.33 | AI81: 7 | AJ81: 2 | AK81: 3 | AL81: 4 | AM81: 0 | AN81: 4 | AO81: 3 | AP81: 0 | AQ81: 3 | AR81: 4 | AS81: 0 | AT81: 5 | AU81: 2 | AV81: 1 | AW81: 1 | AX81: 1 | AY81: 2 | AZ81: 5 | BA81: 0 | BB81: 3 | BC81: 3 | BD81: 0 | BE81: 0 | BF81: 0 | BG81: 0 | BH81: 0 | BI81: 1 | BJ81: ==AI81 -> 7 | BK81: ==BJ81/N81 -> 0.77777778 | BL81: ==AL81/AI81 -> 0.57142857 | BM81: ==IF(BJ81=0,0,AM81/BJ81) -> 0 | BN81: ==IF(BJ81=0,0,AN81/BJ81) -> 0.57142857 | BO81: ==IF(BJ81=0,0,AO81/BJ81) -> 0.42857143 | BP81: ==IF(BJ81=0,0,AP81/BJ81) -> 0 | BQ81: ==-IF(BM81=0,0,BM81*LN(BM81))-IF(BN81=0,0,BN81*LN(BN81))-IF(BO81=0,0,BO81*LN(BO81))-IF(BP81=0,0,BP81*LN(BP81)) -> 0.6829081 | BR81: ==IF(BJ81=0,0,BQ81/LN(4)*100) -> 49.261407 | BS81: ==_xlfn.XLOOKUP(B81,点位均值!$A:$A,点位均值!$B:$B,"无匹配") -> 2.3179369 | BT81: ==_xlfn.XLOOKUP(B81,点位均值!$A:$A,点位均值!$C:$C,"无匹配") -> 4.2320776
A82: 80 | B82: 上海市徐汇区天平路街道复兴中路1265号 | C82: A2 商业界面 | D82: B1a 无后退 | E82: B2b 橱窗 | G82: B3b-ii 招牌 | I82: C2 开间尺度（单个店面或小片连续界面） | J82: D2 行道树 | K82: ==IF(TRIM(CLEAN(J82))="","",(IF(ISNUMBER(SEARCH("公共座椅",TRIM(CLEAN(J82)))),2,0)+IF(ISNUMBER(SEARCH("行道树",TRIM(CLEAN(J82)))),1,0)+IF(ISNUMBER(SEARCH("花坛",TRIM(CLEAN(J82)))),0.75,0)+IF(ISNUMBER(SEARCH("电线杆",TRIM(CLEAN(J82)))),0.4,0)+IF(ISNUMBER(SEARCH("路灯",TRIM(CLEAN(J82)))),0.45,0)+IF(ISNUMBER(SEARCH("共享单车",TRIM(CLEAN(J82)))),0.35,0)+IF(ISNUMBER(SEARCH("垃圾桶",TRIM(CLEAN(J82)))),-0.5,0))/(1+LN(1+(LEN(TRIM(CLEAN(J82)))-LEN(SUBSTITUTE(TRIM(CLEAN(J82)),";",""))+1)))) -> 0.59061611 | L82: 1.5 | M82: 0 | N82: 4 | O82: 餐饮/饮品；零售 | P82: 2 | Q82: 5 | R82: 10 | S82: 50 | T82: 17 | U82: 3 | V82: 4 | W82: 5 | X82: 与两侧建筑完整相连 | Y82: Image_1788253825312_705.jpg | Z82: 1 | AA82: 3 | AB82: 5 | AC82: 无变化 | AD82: Image_1788253825312_705.jpg | AE82: 树木；雨棚 | AF82: 70 | AG82: 1 | AH82: 2 | AI82: 11 | AJ82: 1 | AK82: 8 | AL82: 3 | AM82: 0 | AN82: 3 | AO82: 8 | AP82: 0 | AQ82: 4 | AR82: 7 | AS82: 0 | AT82: 1 | AU82: 10 | AV82: 0 | AW82: 7 | AX82: 10 | AY82: 1 | AZ82: 4 | BA82: 0 | BB82: 1 | BC82: 1 | BD82: 0 | BE82: 0 | BF82: 0 | BG82: 0 | BH82: 0 | BI82: 0 | BJ82: ==AI82 -> 11 | BK82: ==BJ82/N82 -> 2.75 | BL82: ==AL82/AI82 -> 0.27272727 | BM82: ==IF(BJ82=0,0,AM82/BJ82) -> 0 | BN82: ==IF(BJ82=0,0,AN82/BJ82) -> 0.27272727 | BO82: ==IF(BJ82=0,0,AO82/BJ82) -> 0.72727273 | BP82: ==IF(BJ82=0,0,AP82/BJ82) -> 0 | BQ82: ==-IF(BM82=0,0,BM82*LN(BM82))-IF(BN82=0,0,BN82*LN(BN82))-IF(BO82=0,0,BO82*LN(BO82))-IF(BP82=0,0,BP82*LN(BP82)) -> 0.58595262 | BR82: ==IF(BJ82=0,0,BQ82/LN(4)*100) -> 42.267547 | BS82: ==_xlfn.XLOOKUP(B82,点位均值!$A:$A,点位均值!$B:$B,"无匹配") -> 2.3265509 | BT82: ==_xlfn.XLOOKUP(B82,点位均值!$A:$A,点位均值!$C:$C,"无匹配") -> 3.1501305
A83: 81 | B83: 上海市徐汇区天平路街道嘉善路25号 | C83: A1 居住界面 | D83: B1a 无后退 | E83: B2a 仅仅墙面 | F83: B3a-ii 外摆在外侧 | I83: C4 组团尺度（院落或街区） | J83: D2 行道树 | K83: ==IF(TRIM(CLEAN(J83))="","",(IF(ISNUMBER(SEARCH("公共座椅",TRIM(CLEAN(J83)))),2,0)+IF(ISNUMBER(SEARCH("行道树",TRIM(CLEAN(J83)))),1,0)+IF(ISNUMBER(SEARCH("花坛",TRIM(CLEAN(J83)))),0.75,0)+IF(ISNUMBER(SEARCH("电线杆",TRIM(CLEAN(J83)))),0.4,0)+IF(ISNUMBER(SEARCH("路灯",TRIM(CLEAN(J83)))),0.45,0)+IF(ISNUMBER(SEARCH("共享单车",TRIM(CLEAN(J83)))),0.35,0)+IF(ISNUMBER(SEARCH("垃圾桶",TRIM(CLEAN(J83)))),-0.5,0))/(1+LN(1+(LEN(TRIM(CLEAN(J83)))-LEN(SUBSTITUTE(TRIM(CLEAN(J83)),";",""))+1)))) -> 0.59061611 | L83: 14 | M83: 1.4 | N83: 20 | O83: 零售 | P83: 1 | Q83: 4 | R83: 80 | S83: 65 | T83: 7 | U83: 3 | V83: 1 | W83: 2 | X83: 立面整体连续 | Z83: 5 | AA83: 5 | AB83: 3 | AC83: 铺地平整无高差，缺少可供久坐的设施，大多是过路通行，静态停留较少 | AE83: 树木；雨棚 | AF83: 60 | AG83: 3 | AH83: 3 | AI83: 10 | AJ83: 10 | AK83: 0 | AL83: 10 | AM83: 0 | AN83: 1 | AO83: 0 | AP83: 9 | AQ83: 10 | AR83: 0 | AS83: 0 | AT83: 8 | AU83: 2 | AV83: 0 | AW83: 0 | AX83: 0 | AY83: 0 | AZ83: 10 | BA83: 0 | BB83: 0 | BC83: 0 | BD83: 0 | BE83: 0 | BF83: 10 | BG83: 0 | BH83: 0 | BI83: 0 | BJ83: ==AI83 -> 10 | BK83: ==BJ83/N83 -> 0.5 | BL83: ==AL83/AI83 -> 1 | BM83: ==IF(BJ83=0,0,AM83/BJ83) -> 0 | BN83: ==IF(BJ83=0,0,AN83/BJ83) -> 0.1 | BO83: ==IF(BJ83=0,0,AO83/BJ83) -> 0 | BP83: ==IF(BJ83=0,0,AP83/BJ83) -> 0.9 | BQ83: ==-IF(BM83=0,0,BM83*LN(BM83))-IF(BN83=0,0,BN83*LN(BN83))-IF(BO83=0,0,BO83*LN(BO83))-IF(BP83=0,0,BP83*LN(BP83)) -> 0.32508297 | BR83: ==IF(BJ83=0,0,BQ83/LN(4)*100) -> 23.44978 | BS83: ==_xlfn.XLOOKUP(B83,点位均值!$A:$A,点位均值!$B:$B,"无匹配") -> 7.1872208 | BT83: ==_xlfn.XLOOKUP(B83,点位均值!$A:$A,点位均值!$C:$C,"无匹配") -> 0.29386423
A84: 84 | B84: 上海市徐汇区天平路街道嘉善路79号 | C84: A2 商业界面 | D84: B1a 无后退 | E84: B2d 完全开敞 | F84: B3a-ii 外摆在外侧 | I84: C2 开间尺度（单个店面或小片连续界面） | J84: D2 行道树 | K84: ==IF(TRIM(CLEAN(J84))="","",(IF(ISNUMBER(SEARCH("公共座椅",TRIM(CLEAN(J84)))),2,0)+IF(ISNUMBER(SEARCH("行道树",TRIM(CLEAN(J84)))),1,0)+IF(ISNUMBER(SEARCH("花坛",TRIM(CLEAN(J84)))),0.75,0)+IF(ISNUMBER(SEARCH("电线杆",TRIM(CLEAN(J84)))),0.4,0)+IF(ISNUMBER(SEARCH("路灯",TRIM(CLEAN(J84)))),0.45,0)+IF(ISNUMBER(SEARCH("共享单车",TRIM(CLEAN(J84)))),0.35,0)+IF(ISNUMBER(SEARCH("垃圾桶",TRIM(CLEAN(J84)))),-0.5,0))/(1+LN(1+(LEN(TRIM(CLEAN(J84)))-LEN(SUBSTITUTE(TRIM(CLEAN(J84)),";",""))+1)))) -> 0.59061611 | L84: 4.5 | M84: 0 | N84: 22 | O84: 零售 | P84: 1 | Q84: 3 | R84: 18 | S84: 45 | T84: 7 | U84: 3 | V84: 5 | W84: 5 | X84: 连续性很好 | Z84: 2 | AA84: 2 | AB84: 3 | AC84: 无特殊处理 | AE84: 树木 | AF84: 55 | AG84: 2 | AH84: 4 | BJ84: ==AI84 -> 0 | BK84: ==BJ84/N84 -> 0 | BL84: ==AL84/AI84 -> #DIV/0! | BM84: ==IF(BJ84=0,0,AM84/BJ84) -> 0 | BN84: ==IF(BJ84=0,0,AN84/BJ84) -> 0 | BO84: ==IF(BJ84=0,0,AO84/BJ84) -> 0 | BP84: ==IF(BJ84=0,0,AP84/BJ84) -> 0 | BQ84: ==-IF(BM84=0,0,BM84*LN(BM84))-IF(BN84=0,0,BN84*LN(BN84))-IF(BO84=0,0,BO84*LN(BO84))-IF(BP84=0,0,BP84*LN(BP84)) -> 0 | BR84: ==IF(BJ84=0,0,BQ84/LN(4)*100) -> 0 | BS84: ==_xlfn.XLOOKUP(B84,点位均值!$A:$A,点位均值!$B:$B,"无匹配") -> 3.6497519 | BT84: ==_xlfn.XLOOKUP(B84,点位均值!$A:$A,点位均值!$C:$C,"无匹配") -> 2.5685379
A85: 85 | B85: 上海市徐汇区天平路街道嘉善路79号 | C85: A2 商业界面 | D85: B1a 无后退 | E85: B2d 完全开敞 | F85: B3a-ii 外摆在外侧 | I85: C2 开间尺度（单个店面或小片连续界面） | J85: D2 行道树 | K85: ==IF(TRIM(CLEAN(J85))="","",(IF(ISNUMBER(SEARCH("公共座椅",TRIM(CLEAN(J85)))),2,0)+IF(ISNUMBER(SEARCH("行道树",TRIM(CLEAN(J85)))),1,0)+IF(ISNUMBER(SEARCH("花坛",TRIM(CLEAN(J85)))),0.75,0)+IF(ISNUMBER(SEARCH("电线杆",TRIM(CLEAN(J85)))),0.4,0)+IF(ISNUMBER(SEARCH("路灯",TRIM(CLEAN(J85)))),0.45,0)+IF(ISNUMBER(SEARCH("共享单车",TRIM(CLEAN(J85)))),0.35,0)+IF(ISNUMBER(SEARCH("垃圾桶",TRIM(CLEAN(J85)))),-0.5,0))/(1+LN(1+(LEN(TRIM(CLEAN(J85)))-LEN(SUBSTITUTE(TRIM(CLEAN(J85)),";",""))+1)))) -> 0.59061611 | L85: 14 | M85: 1.5 | N85: 22 | O85: 餐饮/饮品 | P85: 1 | Q85: 4 | R85: 45 | S85: 70 | T85: 8 | U85: 2 | V85: 5 | W85: 5 | X85: 典型街边市场，融入性很强 | Z85: 1 | AA85: 1 | AB85: 4 | AC85: 无特殊处理 | AE85: 树木；雨棚 | AF85: 60 | AG85: 3 | AH85: 3 | AI85: 4 | AJ85: 4 | AK85: 0 | AL85: 4 | AM85: 1 | AN85: 2 | AO85: 0 | AP85: 1 | AQ85: 2 | AR85: 2 | AS85: 0 | AT85: 4 | AU85: 0 | AV85: 0 | AW85: 0 | AX85: 0 | AY85: 0 | AZ85: 4 | BA85: 0 | BB85: 2 | BC85: 3 | BD85: 0 | BE85: 0 | BF85: 0 | BG85: 0 | BH85: 0 | BI85: 0 | BJ85: ==AI85 -> 4 | BK85: ==BJ85/N85 -> 0.18181818 | BL85: ==AL85/AI85 -> 1 | BM85: ==IF(BJ85=0,0,AM85/BJ85) -> 0.25 | BN85: ==IF(BJ85=0,0,AN85/BJ85) -> 0.5 | BO85: ==IF(BJ85=0,0,AO85/BJ85) -> 0 | BP85: ==IF(BJ85=0,0,AP85/BJ85) -> 0.25 | BQ85: ==-IF(BM85=0,0,BM85*LN(BM85))-IF(BN85=0,0,BN85*LN(BN85))-IF(BO85=0,0,BO85*LN(BO85))-IF(BP85=0,0,BP85*LN(BP85)) -> 1.0397208 | BR85: ==IF(BJ85=0,0,BQ85/LN(4)*100) -> 75 | BS85: ==_xlfn.XLOOKUP(B85,点位均值!$A:$A,点位均值!$B:$B,"无匹配") -> 3.6497519 | BT85: ==_xlfn.XLOOKUP(B85,点位均值!$A:$A,点位均值!$C:$C,"无匹配") -> 2.5685379
A86: 87 | B86: 上海市徐汇区天平路街道嘉善路117弄10号 | C86: A2 商业界面 | D86: B1a 无后退 | E86: B2b 橱窗 | F86: B3a-ii 外摆在外侧 | I86: C2 开间尺度（单个店面或小片连续界面） | J86: D2 行道树 | K86: ==IF(TRIM(CLEAN(J86))="","",(IF(ISNUMBER(SEARCH("公共座椅",TRIM(CLEAN(J86)))),2,0)+IF(ISNUMBER(SEARCH("行道树",TRIM(CLEAN(J86)))),1,0)+IF(ISNUMBER(SEARCH("花坛",TRIM(CLEAN(J86)))),0.75,0)+IF(ISNUMBER(SEARCH("电线杆",TRIM(CLEAN(J86)))),0.5,0)+IF(ISNUMBER(SEARCH("路灯",TRIM(CLEAN(J86)))),0.5,0)+IF(ISNUMBER(SEARCH("共享单车",TRIM(CLEAN(J86)))),0.5,0)+IF(ISNUMBER(SEARCH("垃圾桶",TRIM(CLEAN(J86)))),-0.5,0))/(1+LN(1+(LEN(TRIM(CLEAN(J86)))-LEN(SUBSTITUTE(TRIM(CLEAN(J86)),";",""))+1)))) -> 0.59061611 | L86: 11 | M86: 1.8 | N86: 16 | O86: 居住 | P86: 1 | Q86: 5 | R86: 0 | S86: 0 | T86: 20 | U86: 5 | V86: 3 | W86: 4 | X86: 连续性很好 | Z86: 5 | AA86: 5 | AB86: 4 | AC86: 无特殊处理 | AE86: 树木 | AF86: 70 | AG86: 5 | AH86: 4 | AI86: 2 | AJ86: 2 | AK86: 0 | AL86: 2 | AM86: 0 | AN86: 2 | AO86: 0 | AP86: 0 | AQ86: 0 | AR86: 2 | AS86: 0 | AT86: 0 | AU86: 2 | AV86: 0 | AW86: 0 | AX86: 0 | AY86: 0 | AZ86: 0 | BA86: 0 | BB86: 0 | BC86: 2 | BD86: 0 | BE86: 0 | BF86: 0 | BG86: 0 | BH86: 0 | BI86: 0 | BJ86: ==AI86 -> 2 | BK86: ==BJ86/N86 -> 0.125 | BL86: ==AL86/AI86 -> 1 | BM86: ==IF(BJ86=0,0,AM86/BJ86) -> 0 | BN86: ==IF(BJ86=0,0,AN86/BJ86) -> 1 | BO86: ==IF(BJ86=0,0,AO86/BJ86) -> 0 | BP86: ==IF(BJ86=0,0,AP86/BJ86) -> 0 | BQ86: ==-IF(BM86=0,0,BM86*LN(BM86))-IF(BN86=0,0,BN86*LN(BN86))-IF(BO86=0,0,BO86*LN(BO86))-IF(BP86=0,0,BP86*LN(BP86)) -> 0 | BR86: ==IF(BJ86=0,0,BQ86/LN(4)*100) -> 0 | BS86: ==_xlfn.XLOOKUP(B86,点位均值!$A:$A,点位均值!$B:$B,"无匹配") -> 0.54218362 | BT86: ==_xlfn.XLOOKUP(B86,点位均值!$A:$A,点位均值!$C:$C,"无匹配") -> 2.1420366
A87: 89 | B87: 上海市徐汇区天平路街道嘉善路236弄13号 | C87: A1 居住界面 | D87: B1a 无后退 | E87: B2a 仅仅墙面 | F87: B3a-i 外摆在内侧 | I87: C4 组团尺度（院落或街区） | J87: D2 行道树 | K87: ==IF(TRIM(CLEAN(J87))="","",(IF(ISNUMBER(SEARCH("公共座椅",TRIM(CLEAN(J87)))),2,0)+IF(ISNUMBER(SEARCH("行道树",TRIM(CLEAN(J87)))),1,0)+IF(ISNUMBER(SEARCH("花坛",TRIM(CLEAN(J87)))),0.75,0)+IF(ISNUMBER(SEARCH("电线杆",TRIM(CLEAN(J87)))),0.5,0)+IF(ISNUMBER(SEARCH("路灯",TRIM(CLEAN(J87)))),0.5,0)+IF(ISNUMBER(SEARCH("共享单车",TRIM(CLEAN(J87)))),0.5,0)+IF(ISNUMBER(SEARCH("垃圾桶",TRIM(CLEAN(J87)))),-0.5,0))/(1+LN(1+(LEN(TRIM(CLEAN(J87)))-LEN(SUBSTITUTE(TRIM(CLEAN(J87)),";",""))+1)))) -> 0.59061611 | L87: 4 | M87: 0 | N87: 6 | O87: 零售 | P87: 2 | Q87: 2 | R87: 10 | S87: 70 | T87: 18 | U87: 2 | V87: 2 | W87: 4 | X87: 均为生鲜水产菜场等生活性全开敞店铺 | Z87: 1 | AA87: 1 | AB87: 3 | AC87: 铺地略有起伏，无明显围合，以快速通行为主，少有停留活动。 | AE87: 树木；雨棚 | AF87: 80 | AG87: 3 | AH87: 3 | BJ87: ==AI87 -> 0 | BK87: ==BJ87/N87 -> 0 | BL87: ==AL87/AI87 -> #DIV/0! | BM87: ==IF(BJ87=0,0,AM87/BJ87) -> 0 | BN87: ==IF(BJ87=0,0,AN87/BJ87) -> 0 | BO87: ==IF(BJ87=0,0,AO87/BJ87) -> 0 | BP87: ==IF(BJ87=0,0,AP87/BJ87) -> 0 | BQ87: ==-IF(BM87=0,0,BM87*LN(BM87))-IF(BN87=0,0,BN87*LN(BN87))-IF(BO87=0,0,BO87*LN(BO87))-IF(BP87=0,0,BP87*LN(BP87)) -> 0 | BR87: ==IF(BJ87=0,0,BQ87/LN(4)*100) -> 0 | BS87: ==_xlfn.XLOOKUP(B87,点位均值!$A:$A,点位均值!$B:$B,"无匹配") -> 无匹配 | BT87: ==_xlfn.XLOOKUP(B87,点位均值!$A:$A,点位均值!$C:$C,"无匹配") -> 无匹配
A88: 91 | B88: 上海市徐汇区天平路街道建国西路285号 | C88: A2 商业界面 | D88: B1b 区域后退 | E88: B2a 仅仅墙面 | H88: B3c 围栏 | I88: C3 建筑尺度（整栋建筑） | J88: D2 行道树 | K88: ==IF(TRIM(CLEAN(J88))="","",(IF(ISNUMBER(SEARCH("公共座椅",TRIM(CLEAN(J88)))),2,0)+IF(ISNUMBER(SEARCH("行道树",TRIM(CLEAN(J88)))),1,0)+IF(ISNUMBER(SEARCH("花坛",TRIM(CLEAN(J88)))),0.75,0)+IF(ISNUMBER(SEARCH("电线杆",TRIM(CLEAN(J88)))),0.5,0)+IF(ISNUMBER(SEARCH("路灯",TRIM(CLEAN(J88)))),0.5,0)+IF(ISNUMBER(SEARCH("共享单车",TRIM(CLEAN(J88)))),0.5,0)+IF(ISNUMBER(SEARCH("垃圾桶",TRIM(CLEAN(J88)))),-0.5,0))/(1+LN(1+(LEN(TRIM(CLEAN(J88)))-LEN(SUBSTITUTE(TRIM(CLEAN(J88)),";",""))+1)))) -> 0.59061611 | L88: 12 | M88: 1.3 | N88: 18 | O88: 零售 | P88: 1 | Q88: 4 | R88: 65 | S88: 60 | T88: 7 | U88: 4 | V88: 3.8 | W88: 4 | X88: 连续性很好 | Z88: 4 | AA88: 4 | AB88: 4 | AC88: 无特殊处理 | AE88: 树木 | AF88: 60 | AG88: 3.4 | AH88: 3.2 | BJ88: ==AI88 -> 0 | BK88: ==BJ88/N88 -> 0 | BL88: ==AL88/AI88 -> #DIV/0! | BM88: ==IF(BJ88=0,0,AM88/BJ88) -> 0 | BN88: ==IF(BJ88=0,0,AN88/BJ88) -> 0 | BO88: ==IF(BJ88=0,0,AO88/BJ88) -> 0 | BP88: ==IF(BJ88=0,0,AP88/BJ88) -> 0 | BQ88: ==-IF(BM88=0,0,BM88*LN(BM88))-IF(BN88=0,0,BN88*LN(BN88))-IF(BO88=0,0,BO88*LN(BO88))-IF(BP88=0,0,BP88*LN(BP88)) -> 0 | BR88: ==IF(BJ88=0,0,BQ88/LN(4)*100) -> 0 | BS88: ==_xlfn.XLOOKUP(B88,点位均值!$A:$A,点位均值!$B:$B,"无匹配") -> 无匹配 | BT88: ==_xlfn.XLOOKUP(B88,点位均值!$A:$A,点位均值!$C:$C,"无匹配") -> 无匹配
A89: 92 | B89: 上海市徐汇区天平路街道建国西路299号 | C89: A2 商业界面 | D89: B1a 无后退 | E89: B2b 橱窗 | F89: B3a-i 外摆在内侧 | I89: C2 开间尺度（单个店面或小片连续界面） | J89: D2 行道树 | K89: ==IF(TRIM(CLEAN(J89))="","",(IF(ISNUMBER(SEARCH("公共座椅",TRIM(CLEAN(J89)))),2,0)+IF(ISNUMBER(SEARCH("行道树",TRIM(CLEAN(J89)))),1,0)+IF(ISNUMBER(SEARCH("花坛",TRIM(CLEAN(J89)))),0.75,0)+IF(ISNUMBER(SEARCH("电线杆",TRIM(CLEAN(J89)))),0.5,0)+IF(ISNUMBER(SEARCH("路灯",TRIM(CLEAN(J89)))),0.5,0)+IF(ISNUMBER(SEARCH("共享单车",TRIM(CLEAN(J89)))),0.5,0)+IF(ISNUMBER(SEARCH("垃圾桶",TRIM(CLEAN(J89)))),-0.5,0))/(1+LN(1+(LEN(TRIM(CLEAN(J89)))-LEN(SUBSTITUTE(TRIM(CLEAN(J89)),";",""))+1)))) -> 0.59061611 | L89: 14 | M89: 1.8 | N89: 21 | O89: 餐饮/饮品 | P89: 1 | Q89: 4 | R89: 70 | S89: 66 | T89: 8 | U89: 4 | V89: 3 | W89: 4 | X89: 连续性很好 | Z89: 4 | AA89: 4 | AB89: 4 | AC89: 无特殊处理 | AE89: 树木；雨棚 | AF89: 60 | AG89: 3 | AH89: 3.7 | AI89: 3 | AJ89: 1 | AK89: 1 | AL89: 2 | AM89: 0 | AN89: 2 | AO89: 1 | AP89: 0 | AQ89: 2 | AR89: 1 | AS89: 0 | AT89: 0 | AU89: 3 | AV89: 0 | AW89: 0 | AX89: 2 | AY89: 0 | AZ89: 0 | BA89: 0 | BB89: 0 | BC89: 3 | BD89: 0 | BE89: 0 | BF89: 0 | BG89: 0 | BH89: 0 | BI89: 0 | BJ89: ==AI89 -> 3 | BK89: ==BJ89/N89 -> 0.14285714 | BL89: ==AL89/AI89 -> 0.66666667 | BM89: ==IF(BJ89=0,0,AM89/BJ89) -> 0 | BN89: ==IF(BJ89=0,0,AN89/BJ89) -> 0.66666667 | BO89: ==IF(BJ89=0,0,AO89/BJ89) -> 0.33333333 | BP89: ==IF(BJ89=0,0,AP89/BJ89) -> 0 | BQ89: ==-IF(BM89=0,0,BM89*LN(BM89))-IF(BN89=0,0,BN89*LN(BN89))-IF(BO89=0,0,BO89*LN(BO89))-IF(BP89=0,0,BP89*LN(BP89)) -> 0.63651417 | BR89: ==IF(BJ89=0,0,BQ89/LN(4)*100) -> 45.914792 | BS89: ==_xlfn.XLOOKUP(B89,点位均值!$A:$A,点位均值!$B:$B,"无匹配") -> 1.3610422 | BT89: ==_xlfn.XLOOKUP(B89,点位均值!$A:$A,点位均值!$C:$C,"无匹配") -> 3.0036554
A90: 95 | B90: 上海市徐汇区天平路街道建国西路368号 | C90: A2 商业界面 | D90: B1a 无后退 | E90: B2b 橱窗 | F90: B3a-i 外摆在内侧 | I90: C2 开间尺度（单个店面或小片连续界面） | J90: D2 行道树 | K90: ==IF(TRIM(CLEAN(J90))="","",(IF(ISNUMBER(SEARCH("公共座椅",TRIM(CLEAN(J90)))),2,0)+IF(ISNUMBER(SEARCH("行道树",TRIM(CLEAN(J90)))),1,0)+IF(ISNUMBER(SEARCH("花坛",TRIM(CLEAN(J90)))),0.75,0)+IF(ISNUMBER(SEARCH("电线杆",TRIM(CLEAN(J90)))),0.4,0)+IF(ISNUMBER(SEARCH("路灯",TRIM(CLEAN(J90)))),0.45,0)+IF(ISNUMBER(SEARCH("共享单车",TRIM(CLEAN(J90)))),0.35,0)+IF(ISNUMBER(SEARCH("垃圾桶",TRIM(CLEAN(J90)))),-0.5,0))/(1+LN(1+(LEN(TRIM(CLEAN(J90)))-LEN(SUBSTITUTE(TRIM(CLEAN(J90)),";",""))+1)))) -> 0.59061611 | L90: 4 | M90: 0 | N90: 8 | O90: 餐饮/饮品 | P90: 2 | Q90: 3 | R90: 21 | S90: 50 | T90: 8 | U90: 5 | V90: 4 | W90: 3 | X90: 与附近界面风格一致，相同刷漆墙面，木质风格门窗 | Z90: 4 | AA90: 4 | AB90: 5 | AC90: 人行道平整，铺地方石板无变化，行人及店家时有休息，非机动车经过居多 | AE90: 树木 | AF90: 90 | AG90: 5 | AH90: 4 | BJ90: ==AI90 -> 0 | BK90: ==BJ90/N90 -> 0 | BL90: ==AL90/AI90 -> #DIV/0! | BM90: ==IF(BJ90=0,0,AM90/BJ90) -> 0 | BN90: ==IF(BJ90=0,0,AN90/BJ90) -> 0 | BO90: ==IF(BJ90=0,0,AO90/BJ90) -> 0 | BP90: ==IF(BJ90=0,0,AP90/BJ90) -> 0 | BQ90: ==-IF(BM90=0,0,BM90*LN(BM90))-IF(BN90=0,0,BN90*LN(BN90))-IF(BO90=0,0,BO90*LN(BO90))-IF(BP90=0,0,BP90*LN(BP90)) -> 0 | BR90: ==IF(BJ90=0,0,BQ90/LN(4)*100) -> 0 | BS90: ==_xlfn.XLOOKUP(B90,点位均值!$A:$A,点位均值!$B:$B,"无匹配") -> 无匹配 | BT90: ==_xlfn.XLOOKUP(B90,点位均值!$A:$A,点位均值!$C:$C,"无匹配") -> 无匹配
A91: 103 | B91: 上海市徐汇区天平路街道太原路167号 | C91: A2 商业界面 | D91: B1a 无后退 | E91: B2b 橱窗 | I91: C3 建筑尺度（整栋建筑） | J91: D2 行道树 | K91: ==IF(TRIM(CLEAN(J91))="","",(IF(ISNUMBER(SEARCH("公共座椅",TRIM(CLEAN(J91)))),2,0)+IF(ISNUMBER(SEARCH("行道树",TRIM(CLEAN(J91)))),1,0)+IF(ISNUMBER(SEARCH("花坛",TRIM(CLEAN(J91)))),0.75,0)+IF(ISNUMBER(SEARCH("电线杆",TRIM(CLEAN(J91)))),0.4,0)+IF(ISNUMBER(SEARCH("路灯",TRIM(CLEAN(J91)))),0.45,0)+IF(ISNUMBER(SEARCH("共享单车",TRIM(CLEAN(J91)))),0.35,0)+IF(ISNUMBER(SEARCH("垃圾桶",TRIM(CLEAN(J91)))),-0.5,0))/(1+LN(1+(LEN(TRIM(CLEAN(J91)))-LEN(SUBSTITUTE(TRIM(CLEAN(J91)),";",""))+1)))) -> 0.59061611 | L91: 24 | M91: 1.6 | N91: 43 | O91: 餐饮/饮品；生活服务；居住 | P91: 3 | Q91: 4 | R91: 800 | S91: 80 | T91: 30 | U91: 5 | V91: 3 | W91: 3 | X91: 围墙界面整体连续规整 | Z91: 5 | AA91: 5 | AB91: 5 | AC91: 人行道平坦无高差，无专门休憩设施，偶尔有路人短暂驻足 | AE91: 树木；建筑 | AF91: 50 | AG91: 4 | AH91: 4 | AI91: 10 | AJ91: 1 | AK91: 8 | AL91: 2 | AM91: 0 | AN91: 8 | AO91: 0 | AP91: 2 | AQ91: 3 | AR91: 7 | AS91: 0 | AT91: 0 | AU91: 10 | AV91: 0 | AW91: 2 | AX91: 6 | AY91: 1 | AZ91: 0 | BA91: 0 | BB91: 0 | BC91: 1 | BD91: 0 | BE91: 0 | BF91: 0 | BG91: 0 | BH91: 0 | BI91: 0 | BJ91: ==AI91 -> 10 | BK91: ==BJ91/N91 -> 0.23255814 | BL91: ==AL91/AI91 -> 0.2 | BM91: ==IF(BJ91=0,0,AM91/BJ91) -> 0 | BN91: ==IF(BJ91=0,0,AN91/BJ91) -> 0.8 | BO91: ==IF(BJ91=0,0,AO91/BJ91) -> 0 | BP91: ==IF(BJ91=0,0,AP91/BJ91) -> 0.2 | BQ91: ==-IF(BM91=0,0,BM91*LN(BM91))-IF(BN91=0,0,BN91*LN(BN91))-IF(BO91=0,0,BO91*LN(BO91))-IF(BP91=0,0,BP91*LN(BP91)) -> 0.50040242 | BR91: ==IF(BJ91=0,0,BQ91/LN(4)*100) -> 36.096405 | BS91: ==_xlfn.XLOOKUP(B91,点位均值!$A:$A,点位均值!$B:$B,"无匹配") -> 0.84188586 | BT91: ==_xlfn.XLOOKUP(B91,点位均值!$A:$A,点位均值!$C:$C,"无匹配") -> 1.9662663
A92: 105 | B92: 上海市徐汇区天平路街道太原路236号 | C92: A2 商业界面 | D92: B1a 无后退 | E92: B2b 橱窗 | F92: B3a-i 外摆在内侧 | I92: C4 组团尺度（院落或街区） | J92: D2 行道树 | K92: ==IF(TRIM(CLEAN(J92))="","",(IF(ISNUMBER(SEARCH("公共座椅",TRIM(CLEAN(J92)))),2,0)+IF(ISNUMBER(SEARCH("行道树",TRIM(CLEAN(J92)))),1,0)+IF(ISNUMBER(SEARCH("花坛",TRIM(CLEAN(J92)))),0.75,0)+IF(ISNUMBER(SEARCH("电线杆",TRIM(CLEAN(J92)))),0.4,0)+IF(ISNUMBER(SEARCH("路灯",TRIM(CLEAN(J92)))),0.45,0)+IF(ISNUMBER(SEARCH("共享单车",TRIM(CLEAN(J92)))),0.35,0)+IF(ISNUMBER(SEARCH("垃圾桶",TRIM(CLEAN(J92)))),-0.5,0))/(1+LN(1+(LEN(TRIM(CLEAN(J92)))-LEN(SUBSTITUTE(TRIM(CLEAN(J92)),";",""))+1)))) -> 0.59061611 | L92: 18 | M92: 0 | N92: 36 | O92: 餐饮/饮品 | P92: 2 | Q92: 3 | R92: 74 | S92: 50 | T92: 10 | U92: 5 | V92: 2 | W92: 3 | X92: 不太连续，节点左右均为粗糙质感墙面，所在咖啡店为欧式风格。 | Z92: 4 | AA92: 3 | AB92: 5 | AC92: 人行道平整，铺地方石板无变化，常有人坐下休息或慢步经过。 | AE92: 树木 | AF92: 90 | AG92: 4 | AH92: 4 | AI92: 1 | AJ92: 0 | AK92: 1 | AL92: 0 | AM92: 0 | AN92: 0 | AO92: 1 | AP92: 0 | AQ92: 0 | AR92: 1 | AS92: 0 | AT92: 1 | AU92: 0 | AV92: 0 | AW92: 0 | AX92: 0 | AY92: 0 | AZ92: 0 | BA92: 0 | BB92: 0 | BC92: 1 | BD92: 0 | BE92: 0 | BF92: 0 | BG92: 0 | BH92: 0 | BI92: 0 | BJ92: ==AI92 -> 1 | BK92: ==BJ92/N92 -> 0.027777778 | BL92: ==AL92/AI92 -> 0 | BM92: ==IF(BJ92=0,0,AM92/BJ92) -> 0 | BN92: ==IF(BJ92=0,0,AN92/BJ92) -> 0 | BO92: ==IF(BJ92=0,0,AO92/BJ92) -> 1 | BP92: ==IF(BJ92=0,0,AP92/BJ92) -> 0 | BQ92: ==-IF(BM92=0,0,BM92*LN(BM92))-IF(BN92=0,0,BN92*LN(BN92))-IF(BO92=0,0,BO92*LN(BO92))-IF(BP92=0,0,BP92*LN(BP92)) -> 0 | BR92: ==IF(BJ92=0,0,BQ92/LN(4)*100) -> 0 | BS92: ==_xlfn.XLOOKUP(B92,点位均值!$A:$A,点位均值!$B:$B,"无匹配") -> 1.2791563 | BT92: ==_xlfn.XLOOKUP(B92,点位均值!$A:$A,点位均值!$C:$C,"无匹配") -> 1.3665796
A93: 108 | B93: 上海市徐汇区天平路街道襄阳南路149号 | C93: A2 商业界面 | D93: B1a 无后退 | E93: B2b 橱窗 | F93: B3a-ii 外摆在外侧 | I93: C2 开间尺度（单个店面或小片连续界面） | J93: D2 行道树 | K93: ==IF(TRIM(CLEAN(J93))="","",(IF(ISNUMBER(SEARCH("公共座椅",TRIM(CLEAN(J93)))),2,0)+IF(ISNUMBER(SEARCH("行道树",TRIM(CLEAN(J93)))),1,0)+IF(ISNUMBER(SEARCH("花坛",TRIM(CLEAN(J93)))),0.75,0)+IF(ISNUMBER(SEARCH("电线杆",TRIM(CLEAN(J93)))),0.4,0)+IF(ISNUMBER(SEARCH("路灯",TRIM(CLEAN(J93)))),0.45,0)+IF(ISNUMBER(SEARCH("共享单车",TRIM(CLEAN(J93)))),0.35,0)+IF(ISNUMBER(SEARCH("垃圾桶",TRIM(CLEAN(J93)))),-0.5,0))/(1+LN(1+(LEN(TRIM(CLEAN(J93)))-LEN(SUBSTITUTE(TRIM(CLEAN(J93)),";",""))+1)))) -> 0.59061611 | L93: 4 | M93: 0 | N93: 0 | O93: 零售 | P93: 1 | Q93: 5 | R93: 0 | S93: 0 | T93: 0 | U93: 3.2 | V93: 3.4 | W93: 3 | X93: 开敞界面有特殊性，连续性一般 | Z93: 3 | AA93: 2.4 | AB93: 3.6 | AC93: 无特殊处理 | AE93: 树木 | AF93: 50 | AG93: 3 | AH93: 3.2 | BJ93: ==AI93 -> 0 | BK93: ==BJ93/N93 -> #DIV/0! | BL93: ==AL93/AI93 -> #DIV/0! | BM93: ==IF(BJ93=0,0,AM93/BJ93) -> 0 | BN93: ==IF(BJ93=0,0,AN93/BJ93) -> 0 | BO93: ==IF(BJ93=0,0,AO93/BJ93) -> 0 | BP93: ==IF(BJ93=0,0,AP93/BJ93) -> 0 | BQ93: ==-IF(BM93=0,0,BM93*LN(BM93))-IF(BN93=0,0,BN93*LN(BN93))-IF(BO93=0,0,BO93*LN(BO93))-IF(BP93=0,0,BP93*LN(BP93)) -> 0 | BR93: ==IF(BJ93=0,0,BQ93/LN(4)*100) -> 0 | BS93: ==_xlfn.XLOOKUP(B93,点位均值!$A:$A,点位均值!$B:$B,"无匹配") -> 无匹配 | BT93: ==_xlfn.XLOOKUP(B93,点位均值!$A:$A,点位均值!$C:$C,"无匹配") -> 无匹配
A94: 109 | B94: 上海市徐汇区天平路街道襄阳南路164号 | C94: A2 商业界面 | D94: B1a 无后退 | E94: B2d 完全开敞 | F94: B3a-i 外摆在内侧 | I94: C2 开间尺度（单个店面或小片连续界面） | J94: D2 行道树 | K94: ==IF(TRIM(CLEAN(J94))="","",(IF(ISNUMBER(SEARCH("公共座椅",TRIM(CLEAN(J94)))),2,0)+IF(ISNUMBER(SEARCH("行道树",TRIM(CLEAN(J94)))),1,0)+IF(ISNUMBER(SEARCH("花坛",TRIM(CLEAN(J94)))),0.75,0)+IF(ISNUMBER(SEARCH("电线杆",TRIM(CLEAN(J94)))),0.4,0)+IF(ISNUMBER(SEARCH("路灯",TRIM(CLEAN(J94)))),0.45,0)+IF(ISNUMBER(SEARCH("共享单车",TRIM(CLEAN(J94)))),0.35,0)+IF(ISNUMBER(SEARCH("垃圾桶",TRIM(CLEAN(J94)))),-0.5,0))/(1+LN(1+(LEN(TRIM(CLEAN(J94)))-LEN(SUBSTITUTE(TRIM(CLEAN(J94)),";",""))+1)))) -> 0.59061611 | L94: 4.5 | M94: 1 | N94: 4 | O94: 餐饮/饮品 | P94: 1 | Q94: 5 | R94: 34 | S94: 85 | T94: 6 | U94: 3.4 | V94: 3.4 | W94: 3.8 | X94: 在入口处设置退界，减弱了界面整体连续性，但是也借此生成了室外的停留空间 | Y94: mmexport1788253029091.jpg | Z94: 3.4 | AA94: 3.2 | AB94: 3.4 | AC94: 抬升了停留空间，一定程度上区分了店面和街道 | AD94: vsg_output_1788253070106.jpg | AE94: 建筑 | AF94: 100 | AG94: 4 | AH94: 4 | AI94: 2 | AJ94: 1 | AK94: 0 | AL94: 2 | AM94: 0 | AN94: 0 | AO94: 2 | AP94: 0 | AQ94: 1 | AR94: 1 | AS94: 0 | AT94: 2 | AU94: 0 | AV94: 0 | AW94: 0 | AX94: 0 | AY94: 0 | AZ94: 2 | BA94: 0 | BB94: 2 | BC94: 0 | BD94: 0 | BE94: 0 | BF94: 0 | BG94: 0 | BH94: 0 | BI94: 0 | BJ94: ==AI94 -> 2 | BK94: ==BJ94/N94 -> 0.5 | BL94: ==AL94/AI94 -> 1 | BM94: ==IF(BJ94=0,0,AM94/BJ94) -> 0 | BN94: ==IF(BJ94=0,0,AN94/BJ94) -> 0 | BO94: ==IF(BJ94=0,0,AO94/BJ94) -> 1 | BP94: ==IF(BJ94=0,0,AP94/BJ94) -> 0 | BQ94: ==-IF(BM94=0,0,BM94*LN(BM94))-IF(BN94=0,0,BN94*LN(BN94))-IF(BO94=0,0,BO94*LN(BO94))-IF(BP94=0,0,BP94*LN(BP94)) -> 0 | BR94: ==IF(BJ94=0,0,BQ94/LN(4)*100) -> 0 | BS94: ==_xlfn.XLOOKUP(B94,点位均值!$A:$A,点位均值!$B:$B,"无匹配") -> 2.9987593 | BT94: ==_xlfn.XLOOKUP(B94,点位均值!$A:$A,点位均值!$C:$C,"无匹配") -> 2.1420366
A95: 110 | B95: 上海市徐汇区天平路街道襄阳南路174号 | C95: A2 商业界面 | D95: B1a 无后退 | E95: B2b 橱窗 | F95: B3a-i 外摆在内侧 | I95: C2 开间尺度（单个店面或小片连续界面） | J95: D2 行道树 | K95: ==IF(TRIM(CLEAN(J95))="","",(IF(ISNUMBER(SEARCH("公共座椅",TRIM(CLEAN(J95)))),2,0)+IF(ISNUMBER(SEARCH("行道树",TRIM(CLEAN(J95)))),1,0)+IF(ISNUMBER(SEARCH("花坛",TRIM(CLEAN(J95)))),0.75,0)+IF(ISNUMBER(SEARCH("电线杆",TRIM(CLEAN(J95)))),0.4,0)+IF(ISNUMBER(SEARCH("路灯",TRIM(CLEAN(J95)))),0.45,0)+IF(ISNUMBER(SEARCH("共享单车",TRIM(CLEAN(J95)))),0.35,0)+IF(ISNUMBER(SEARCH("垃圾桶",TRIM(CLEAN(J95)))),-0.5,0))/(1+LN(1+(LEN(TRIM(CLEAN(J95)))-LEN(SUBSTITUTE(TRIM(CLEAN(J95)),";",""))+1)))) -> 0.59061611 | L95: 3 | M95: 0 | N95: 4 | O95: 餐饮/饮品 | P95: 1 | Q95: 5 | R95: 81 | S95: 100 | T95: 8 | U95: 3.8 | V95: 3.6 | W95: 3.2 | X95: 与两侧建筑相连 | Y95: vsg_output_1788253258234.jpg | Z95: 2.8 | AA95: 3.6 | AB95: 2.8 | AC95: 在对外营业的窗口以及入口抬升 | AD95: vsg_output_1788253287216.jpg | AE95: 树木 | AF95: 50 | AG95: 3.4 | AH95: 3.2 | AI95: 8 | AJ95: 2 | AK95: 1 | AL95: 7 | AM95: 0 | AN95: 0 | AO95: 8 | AP95: 0 | AQ95: 2 | AR95: 6 | AS95: 0 | AT95: 0 | AU95: 8 | AV95: 0 | AW95: 7 | AX95: 4 | AY95: 0 | AZ95: 0 | BA95: 0 | BB95: 0 | BC95: 1 | BD95: 0 | BE95: 0 | BF95: 0 | BG95: 0 | BH95: 0 | BI95: 0 | BJ95: ==AI95 -> 8 | BK95: ==BJ95/N95 -> 2 | BL95: ==AL95/AI95 -> 0.875 | BM95: ==IF(BJ95=0,0,AM95/BJ95) -> 0 | BN95: ==IF(BJ95=0,0,AN95/BJ95) -> 0 | BO95: ==IF(BJ95=0,0,AO95/BJ95) -> 1 | BP95: ==IF(BJ95=0,0,AP95/BJ95) -> 0 | BQ95: ==-IF(BM95=0,0,BM95*LN(BM95))-IF(BN95=0,0,BN95*LN(BN95))-IF(BO95=0,0,BO95*LN(BO95))-IF(BP95=0,0,BP95*LN(BP95)) -> 0 | BR95: ==IF(BJ95=0,0,BQ95/LN(4)*100) -> 0 | BS95: ==_xlfn.XLOOKUP(B95,点位均值!$A:$A,点位均值!$B:$B,"无匹配") -> 1.8933002 | BT95: ==_xlfn.XLOOKUP(B95,点位均值!$A:$A,点位均值!$C:$C,"无匹配") -> 2.0127937
A96: 113 | B96: 上海市徐汇区天平路街道襄阳南路218号 | C96: A2 商业界面 | D96: B1a 无后退 | E96: B2a 仅仅墙面 | I96: C3 建筑尺度（整栋建筑） | J96: D2 行道树 | K96: ==IF(TRIM(CLEAN(J96))="","",(IF(ISNUMBER(SEARCH("公共座椅",TRIM(CLEAN(J96)))),2,0)+IF(ISNUMBER(SEARCH("行道树",TRIM(CLEAN(J96)))),1,0)+IF(ISNUMBER(SEARCH("花坛",TRIM(CLEAN(J96)))),0.75,0)+IF(ISNUMBER(SEARCH("电线杆",TRIM(CLEAN(J96)))),0.4,0)+IF(ISNUMBER(SEARCH("路灯",TRIM(CLEAN(J96)))),0.45,0)+IF(ISNUMBER(SEARCH("共享单车",TRIM(CLEAN(J96)))),0.35,0)+IF(ISNUMBER(SEARCH("垃圾桶",TRIM(CLEAN(J96)))),-0.5,0))/(1+LN(1+(LEN(TRIM(CLEAN(J96)))-LEN(SUBSTITUTE(TRIM(CLEAN(J96)),";",""))+1)))) -> 0.59061611 | L96: 5 | M96: 1.5 | N96: 7.5 | O96: 公共服务 | P96: 3 | Q96: 5 | R96: 0 | S96: 0 | T96: 10 | U96: 3.2 | V96: 2.4 | W96: 2.4 | X96: 独立建筑 | Z96: 3 | AA96: 3.4 | AB96: 3.4 | AC96: 入口抬升，五级台阶 | AE96: 树木；建筑 | AF96: 100 | AG96: 3.2 | AH96: 3.2 | AI96: 2 | AJ96: 2 | AK96: 0 | AL96: 2 | AM96: 0 | AN96: 0 | AO96: 2 | AP96: 0 | AQ96: 2 | AR96: 0 | AS96: 0 | AT96: 2 | AU96: 0 | AV96: 0 | AW96: 0 | AX96: 0 | AY96: 0 | AZ96: 0 | BA96: 0 | BB96: 0 | BC96: 2 | BD96: 0 | BE96: 0 | BF96: 0 | BG96: 0 | BH96: 0 | BI96: 0 | BJ96: ==AI96 -> 2 | BK96: ==BJ96/N96 -> 0.26666667 | BL96: ==AL96/AI96 -> 1 | BM96: ==IF(BJ96=0,0,AM96/BJ96) -> 0 | BN96: ==IF(BJ96=0,0,AN96/BJ96) -> 0 | BO96: ==IF(BJ96=0,0,AO96/BJ96) -> 1 | BP96: ==IF(BJ96=0,0,AP96/BJ96) -> 0 | BQ96: ==-IF(BM96=0,0,BM96*LN(BM96))-IF(BN96=0,0,BN96*LN(BN96))-IF(BO96=0,0,BO96*LN(BO96))-IF(BP96=0,0,BP96*LN(BP96)) -> 0 | BR96: ==IF(BJ96=0,0,BQ96/LN(4)*100) -> 0 | BS96: ==_xlfn.XLOOKUP(B96,点位均值!$A:$A,点位均值!$B:$B,"无匹配") -> 1.2791563 | BT96: ==_xlfn.XLOOKUP(B96,点位均值!$A:$A,点位均值!$C:$C,"无匹配") -> 1.3665796
A97: 114 | B97: 上海市徐汇区天平路街道襄阳南路226号 | C97: A2 商业界面 | D97: B1d 整体后退 | E97: B2b 橱窗 | F97: B3a-i 外摆在内侧 | I97: C2 开间尺度（单个店面或小片连续界面） | J97: D2 行道树 | K97: ==IF(TRIM(CLEAN(J97))="","",(IF(ISNUMBER(SEARCH("公共座椅",TRIM(CLEAN(J97)))),2,0)+IF(ISNUMBER(SEARCH("行道树",TRIM(CLEAN(J97)))),1,0)+IF(ISNUMBER(SEARCH("花坛",TRIM(CLEAN(J97)))),0.75,0)+IF(ISNUMBER(SEARCH("电线杆",TRIM(CLEAN(J97)))),0.4,0)+IF(ISNUMBER(SEARCH("路灯",TRIM(CLEAN(J97)))),0.45,0)+IF(ISNUMBER(SEARCH("共享单车",TRIM(CLEAN(J97)))),0.35,0)+IF(ISNUMBER(SEARCH("垃圾桶",TRIM(CLEAN(J97)))),-0.5,0))/(1+LN(1+(LEN(TRIM(CLEAN(J97)))-LEN(SUBSTITUTE(TRIM(CLEAN(J97)),";",""))+1)))) -> 0.59061611 | L97: 7 | M97: 4 | N97: 30 | O97: 餐饮/饮品 | P97: 1 | Q97: 5 | R97: 125 | S97: 100 | T97: 30 | U97: 4 | V97: 3 | W97: 4 | X97: 连续性很差，与两侧建筑割裂，做了巨大的退界成为沿街用餐和等候区域 | Y97: Image_1788254122882_931.jpg | Z97: 3 | AA97: 3 | AB97: 5 | AC97: 为划定区域采用了符合店面风格的铺地 | AD97: Image_1788254122882_931.jpg | AE97: 雨棚 | AF97: 100 | AG97: 4 | AH97: 4 | AI97: 6 | AJ97: 6 | AK97: 0 | AL97: 6 | AM97: 0 | AN97: 6 | AO97: 0 | AP97: 0 | AQ97: 2 | AR97: 4 | AS97: 0 | AT97: 6 | AU97: 0 | AV97: 0 | AW97: 0 | AX97: 1 | AY97: 0 | AZ97: 6 | BA97: 0 | BB97: 5 | BC97: 0 | BD97: 0 | BE97: 0 | BF97: 0 | BG97: 0 | BH97: 0 | BI97: 0 | BJ97: ==AI97 -> 6 | BK97: ==BJ97/N97 -> 0.2 | BL97: ==AL97/AI97 -> 1 | BM97: ==IF(BJ97=0,0,AM97/BJ97) -> 0 | BN97: ==IF(BJ97=0,0,AN97/BJ97) -> 1 | BO97: ==IF(BJ97=0,0,AO97/BJ97) -> 0 | BP97: ==IF(BJ97=0,0,AP97/BJ97) -> 0 | BQ97: ==-IF(BM97=0,0,BM97*LN(BM97))-IF(BN97=0,0,BN97*LN(BN97))-IF(BO97=0,0,BO97*LN(BO97))-IF(BP97=0,0,BP97*LN(BP97)) -> 0 | BR97: ==IF(BJ97=0,0,BQ97/LN(4)*100) -> 0 | BS97: ==_xlfn.XLOOKUP(B97,点位均值!$A:$A,点位均值!$B:$B,"无匹配") -> 1.246402 | BT97: ==_xlfn.XLOOKUP(B97,点位均值!$A:$A,点位均值!$C:$C,"无匹配") -> 3.3138381
A98: 115 | B98: 上海市徐汇区天平路街道襄阳南路267号 | C98: A2 商业界面 | D98: B1a 无后退 | E98: B2b 橱窗 | F98: B3a-i 外摆在内侧 | I98: C2 开间尺度（单个店面或小片连续界面） | J98: D2 行道树 | K98: ==IF(TRIM(CLEAN(J98))="","",(IF(ISNUMBER(SEARCH("公共座椅",TRIM(CLEAN(J98)))),2,0)+IF(ISNUMBER(SEARCH("行道树",TRIM(CLEAN(J98)))),1,0)+IF(ISNUMBER(SEARCH("花坛",TRIM(CLEAN(J98)))),0.75,0)+IF(ISNUMBER(SEARCH("电线杆",TRIM(CLEAN(J98)))),0.4,0)+IF(ISNUMBER(SEARCH("路灯",TRIM(CLEAN(J98)))),0.45,0)+IF(ISNUMBER(SEARCH("共享单车",TRIM(CLEAN(J98)))),0.35,0)+IF(ISNUMBER(SEARCH("垃圾桶",TRIM(CLEAN(J98)))),-0.5,0))/(1+LN(1+(LEN(TRIM(CLEAN(J98)))-LEN(SUBSTITUTE(TRIM(CLEAN(J98)),";",""))+1)))) -> 0.59061611 | L98: 4 | M98: 0 | N98: 1.5 | O98: 餐饮/饮品 | P98: 1 | Q98: 5 | R98: 43 | S98: 100 | T98: 3 | U98: 4 | V98: 4 | W98: 4 | X98: 与两侧建筑有较好连续性 | Y98: Image_1788255636950_512.jpg | Z98: 5 | AA98: 5 | AB98: 5 | AC98: 无特殊处理 | AD98: Image_1788255636950_512.jpg | AE98: 树木 | AF98: 70 | AG98: 3 | AH98: 3 | AI98: 4 | AJ98: 1 | AK98: 0 | AL98: 4 | AM98: 1 | AN98: 3 | AO98: 0 | AP98: 0 | AQ98: 3 | AR98: 1 | AS98: 0 | AT98: 4 | AU98: 0 | AV98: 0 | AW98: 0 | AX98: 0 | AY98: 0 | AZ98: 0 | BA98: 0 | BB98: 1 | BC98: 4 | BD98: 0 | BE98: 0 | BF98: 0 | BG98: 0 | BH98: 0 | BI98: 0 | BJ98: ==AI98 -> 4 | BK98: ==BJ98/N98 -> 2.6666667 | BL98: ==AL98/AI98 -> 1 | BM98: ==IF(BJ98=0,0,AM98/BJ98) -> 0.25 | BN98: ==IF(BJ98=0,0,AN98/BJ98) -> 0.75 | BO98: ==IF(BJ98=0,0,AO98/BJ98) -> 0 | BP98: ==IF(BJ98=0,0,AP98/BJ98) -> 0 | BQ98: ==-IF(BM98=0,0,BM98*LN(BM98))-IF(BN98=0,0,BN98*LN(BN98))-IF(BO98=0,0,BO98*LN(BO98))-IF(BP98=0,0,BP98*LN(BP98)) -> 0.56233514 | BR98: ==IF(BJ98=0,0,BQ98/LN(4)*100) -> 40.563906 | BS98: ==_xlfn.XLOOKUP(B98,点位均值!$A:$A,点位均值!$B:$B,"无匹配") -> 1.5248139 | BT98: ==_xlfn.XLOOKUP(B98,点位均值!$A:$A,点位均值!$C:$C,"无匹配") -> 3.0467363
A99: 117 | B99: 上海市徐汇区天平路街道襄阳南路282号 | C99: A2 商业界面 | D99: B1b 区域后退 | E99: B2c 墙面开洞 | F99: B3a-i 外摆在内侧 | I99: C2 开间尺度（单个店面或小片连续界面） | J99: D2 行道树 | K99: ==IF(TRIM(CLEAN(J99))="","",(IF(ISNUMBER(SEARCH("公共座椅",TRIM(CLEAN(J99)))),2,0)+IF(ISNUMBER(SEARCH("行道树",TRIM(CLEAN(J99)))),1,0)+IF(ISNUMBER(SEARCH("花坛",TRIM(CLEAN(J99)))),0.75,0)+IF(ISNUMBER(SEARCH("电线杆",TRIM(CLEAN(J99)))),0.4,0)+IF(ISNUMBER(SEARCH("路灯",TRIM(CLEAN(J99)))),0.45,0)+IF(ISNUMBER(SEARCH("共享单车",TRIM(CLEAN(J99)))),0.35,0)+IF(ISNUMBER(SEARCH("垃圾桶",TRIM(CLEAN(J99)))),-0.5,0))/(1+LN(1+(LEN(TRIM(CLEAN(J99)))-LEN(SUBSTITUTE(TRIM(CLEAN(J99)),";",""))+1)))) -> 0.59061611 | L99: 4 | M99: 1 | N99: 4 | O99: 餐饮/饮品；零售 | P99: 1 | Q99: 5 | R99: 81 | S99: 100 | T99: 4 | U99: 3 | V99: 2 | W99: 4 | X99: 与两侧有较好连续性，但为了设置室外用餐区做了退界 | Y99: Image_1788255406997_380.jpg | Z99: 3 | AA99: 2 | AB99: 5 | AC99: 在室外用餐区做了铺地区分店面和街道 | AD99: Image_1788255406997_380.jpg | AE99: 建筑 | AF99: 100 | AG99: 3 | AH99: 3 | AI99: 1 | AJ99: 0 | AK99: 1 | AL99: 0 | AM99: 0 | AN99: 0 | AO99: 0 | AP99: 1 | AQ99: 1 | AR99: 0 | AS99: 0 | AT99: 1 | AU99: 0 | AV99: 0 | AW99: 0 | AX99: 0 | AY99: 0 | AZ99: 0 | BA99: 0 | BB99: 0 | BC99: 1 | BD99: 0 | BE99: 0 | BF99: 0 | BG99: 0 | BH99: 0 | BI99: 0 | BJ99: ==AI99 -> 1 | BK99: ==BJ99/N99 -> 0.25 | BL99: ==AL99/AI99 -> 0 | BM99: ==IF(BJ99=0,0,AM99/BJ99) -> 0 | BN99: ==IF(BJ99=0,0,AN99/BJ99) -> 0 | BO99: ==IF(BJ99=0,0,AO99/BJ99) -> 0 | BP99: ==IF(BJ99=0,0,AP99/BJ99) -> 1 | BQ99: ==-IF(BM99=0,0,BM99*LN(BM99))-IF(BN99=0,0,BN99*LN(BN99))-IF(BO99=0,0,BO99*LN(BO99))-IF(BP99=0,0,BP99*LN(BP99)) -> 0 | BR99: ==IF(BJ99=0,0,BQ99/LN(4)*100) -> 0 | BS99: ==_xlfn.XLOOKUP(B99,点位均值!$A:$A,点位均值!$B:$B,"无匹配") -> 2.2617866 | BT99: ==_xlfn.XLOOKUP(B99,点位均值!$A:$A,点位均值!$C:$C,"无匹配") -> 0.33263708
A100: 118 | B100: 上海市徐汇区天平路街道襄阳南路284号 | C100: A2 商业界面 | D100: B1a 无后退 | E100: B2b 橱窗 | F100: B3a-i 外摆在内侧 | I100: C2 开间尺度（单个店面或小片连续界面） | J100: D2 行道树 | K100: ==IF(TRIM(CLEAN(J100))="","",(IF(ISNUMBER(SEARCH("公共座椅",TRIM(CLEAN(J100)))),2,0)+IF(ISNUMBER(SEARCH("行道树",TRIM(CLEAN(J100)))),1,0)+IF(ISNUMBER(SEARCH("花坛",TRIM(CLEAN(J100)))),0.75,0)+IF(ISNUMBER(SEARCH("电线杆",TRIM(CLEAN(J100)))),0.4,0)+IF(ISNUMBER(SEARCH("路灯",TRIM(CLEAN(J100)))),0.45,0)+IF(ISNUMBER(SEARCH("共享单车",TRIM(CLEAN(J100)))),0.35,0)+IF(ISNUMBER(SEARCH("垃圾桶",TRIM(CLEAN(J100)))),-0.5,0))/(1+LN(1+(LEN(TRIM(CLEAN(J100)))-LEN(SUBSTITUTE(TRIM(CLEAN(J100)),";",""))+1)))) -> 0.59061611 | L100: 10 | M100: 0.5 | N100: 2 | O100: 餐饮/饮品 | P100: 1 | Q100: 5 | R100: 125 | S100: 50 | T100: 4 | U100: 3.5 | V100: 2.83 | W100: 3.5 | X100: 与两侧有较好连续性 | Y100: Image_1788256001699_144.jpg | Z100: 3.67 | AA100: 3.17 | AB100: 2.83 | AC100: 无特殊处理 | AD100: vsg_output_1788256023005.jpg | AE100: 树木 | AF100: 50 | AG100: 3.5 | AH100: 3.17 | AI100: 12 | AJ100: 3 | AK100: 2 | AL100: 10 | AM100: 0 | AN100: 12 | AO100: 0 | AP100: 0 | AQ100: 4 | AR100: 8 | AS100: 0 | AT100: 3 | AU100: 9 | AV100: 2 | AW100: 0 | AX100: 0 | AY100: 6 | AZ100: 3 | BA100: 0 | BB100: 0 | BC100: 4 | BD100: 0 | BE100: 0 | BF100: 0 | BG100: 0 | BH100: 0 | BI100: 0 | BJ100: ==AI100 -> 12 | BK100: ==BJ100/N100 -> 6 | BL100: ==AL100/AI100 -> 0.83333333 | BM100: ==IF(BJ100=0,0,AM100/BJ100) -> 0 | BN100: ==IF(BJ100=0,0,AN100/BJ100) -> 1 | BO100: ==IF(BJ100=0,0,AO100/BJ100) -> 0 | BP100: ==IF(BJ100=0,0,AP100/BJ100) -> 0 | BQ100: ==-IF(BM100=0,0,BM100*LN(BM100))-IF(BN100=0,0,BN100*LN(BN100))-IF(BO100=0,0,BO100*LN(BO100))-IF(BP100=0,0,BP100*LN(BP100)) -> 0 | BR100: ==IF(BJ100=0,0,BQ100/LN(4)*100) -> 0 | BS100: ==_xlfn.XLOOKUP(B100,点位均值!$A:$A,点位均值!$B:$B,"无匹配") -> 0.46848635 | BT100: ==_xlfn.XLOOKUP(B100,点位均值!$A:$A,点位均值!$C:$C,"无匹配") -> 3.4861619
...

Sheet 行人信息总表（0907）
A1: 序号 | B1: 完整地址 | C1: 点位内人员序号 | D1: 社交状态 | E1: 年龄 | F1: 性别 | G1: 姿态 | H1: 具体行为（文本） | I1: 行为_观察 | J1: 行为_光顾 | K1: 行为_等待 | L1: 行为_打卡 | M1: 行为_社交 | N1: 行为_争吵/纠纷 | O1: 行为_饮食 | P1: 行为_休憩 | Q1: 行为_避雨/遮阳 | R1: 行为_工作 | S1: 行为_娱乐 | T1: 行为_运动 | U1: 行为_照看 | V1: 行为_整理 | W1: 辅助计算1 | X1: 辅助计算2 | Y1: 居民指数 | Z1: 游客指数
A2: 1 | B2: 上海市徐汇区湖南路街道安福路164号 | C2: 1 | D2: 独立 | E2: 青年 | F2: 男 | G2: 落座 | H2: 观察；休憩 | I2: 1 | J2: 0 | K2: 0 | L2: 0 | M2: 0 | N2: 0 | O2: 0 | P2: 1 | Q2: 0 | R2: 0 | S2: 0 | T2: 0 | U2: 0 | V2: 0 | W2: ==IFERROR((I2*20+J2*50+K2*50+L2*5+M2*80+N2*80+O2*40+P2*50+Q2*50+R2*50+S2*95+T2*95+U2*95+V2*50)/800*IF(E2="青年",0.2,IF(E2="老年",0.9,IF(E2="中年",0.5,1))),0) -> 0.0175 | X2: ==IFERROR((I2*80+J2*50+K2*50+L2*95+M2*20+N2*20+O2*60+P2*50+Q2*50+R2*50+S2*5+T2*5+U2*5+V2*50)/540*IF(E2="青年",0.8,IF(E2="老年",0.1,IF(E2="中年",0.5,1))),0) -> 0.19259259 | Y2: ==IFERROR(0.01+(W2-MIN($W$2:$W$595))/(MAX($W$2:$W$595)-MIN($W$2:$W$595))*(1-0.01),0)*10 -> 0.73870968 | Z2: ==IFERROR(0.01+(X2-MIN($X$2:$X$595))/(MAX($X$2:$X$595)-MIN($X$2:$X$595))*(1-0.01),0)*10 -> 5.4506527
A3: 2 | B3: 上海市徐汇区湖南路街道安福路164号 | C3: 2 | D3: 集聚 | E3: 青年 | F3: 男 | G3: 落座 | H3: 观察；光顾；休憩 | I3: 1 | J3: 1 | K3: 0 | L3: 0 | M3: 0 | N3: 0 | O3: 0 | P3: 1 | Q3: 0 | R3: 0 | S3: 0 | T3: 0 | U3: 0 | V3: 0 | W3: ==IFERROR((I3*20+J3*50+K3*50+L3*5+M3*80+N3*80+O3*40+P3*50+Q3*50+R3*50+S3*95+T3*95+U3*95+V3*50)/800*IF(E3="青年",0.2,IF(E3="老年",0.9,IF(E3="中年",0.5,1))),0) -> 0.03 | X3: ==IFERROR((I3*80+J3*50+K3*50+L3*95+M3*20+N3*20+O3*60+P3*50+Q3*50+R3*50+S3*5+T3*5+U3*5+V3*50)/540*IF(E3="青年",0.8,IF(E3="老年",0.1,IF(E3="中年",0.5,1))),0) -> 0.26666667 | Y3: ==IFERROR(0.01+(W3-MIN($W$2:$W$595))/(MAX($W$2:$W$595)-MIN($W$2:$W$595))*(1-0.01),0)*10 -> 1.2300248 | Z3: ==IFERROR(0.01+(X3-MIN($X$2:$X$595))/(MAX($X$2:$X$595)-MIN($X$2:$X$595))*(1-0.01),0)*10 -> 7.5185379
A4: 3 | B4: 上海市徐汇区湖南路街道安福路164号 | C4: 3 | D4: 集聚 | E4: 青年 | F4: 男 | G4: 落座 | H4: 观察；社交；休憩 | I4: 1 | J4: 0 | K4: 0 | L4: 0 | M4: 1 | N4: 0 | O4: 0 | P4: 1 | Q4: 0 | R4: 0 | S4: 0 | T4: 0 | U4: 0 | V4: 0 | W4: ==IFERROR((I4*20+J4*50+K4*50+L4*5+M4*80+N4*80+O4*40+P4*50+Q4*50+R4*50+S4*95+T4*95+U4*95+V4*50)/800*IF(E4="青年",0.2,IF(E4="老年",0.9,IF(E4="中年",0.5,1))),0) -> 0.0375 | X4: ==IFERROR((I4*80+J4*50+K4*50+L4*95+M4*20+N4*20+O4*60+P4*50+Q4*50+R4*50+S4*5+T4*5+U4*5+V4*50)/540*IF(E4="青年",0.8,IF(E4="老年",0.1,IF(E4="中年",0.5,1))),0) -> 0.22222222 | Y4: ==IFERROR(0.01+(W4-MIN($W$2:$W$595))/(MAX($W$2:$W$595)-MIN($W$2:$W$595))*(1-0.01),0)*10 -> 1.5248139 | Z4: ==IFERROR(0.01+(X4-MIN($X$2:$X$595))/(MAX($X$2:$X$595)-MIN($X$2:$X$595))*(1-0.01),0)*10 -> 6.2778068
A5: 4 | B5: 上海市徐汇区湖南路街道安福路164号 | C5: 4 | D5: 集聚 | E5: 青年 | F5: 男 | G5: 落座 | H5: 观察；社交；休憩 | I5: 1 | J5: 0 | K5: 0 | L5: 0 | M5: 1 | N5: 0 | O5: 0 | P5: 1 | Q5: 0 | R5: 0 | S5: 0 | T5: 0 | U5: 0 | V5: 0 | W5: ==IFERROR((I5*20+J5*50+K5*50+L5*5+M5*80+N5*80+O5*40+P5*50+Q5*50+R5*50+S5*95+T5*95+U5*95+V5*50)/800*IF(E5="青年",0.2,IF(E5="老年",0.9,IF(E5="中年",0.5,1))),0) -> 0.0375 | X5: ==IFERROR((I5*80+J5*50+K5*50+L5*95+M5*20+N5*20+O5*60+P5*50+Q5*50+R5*50+S5*5+T5*5+U5*5+V5*50)/540*IF(E5="青年",0.8,IF(E5="老年",0.1,IF(E5="中年",0.5,1))),0) -> 0.22222222 | Y5: ==IFERROR(0.01+(W5-MIN($W$2:$W$595))/(MAX($W$2:$W$595)-MIN($W$2:$W$595))*(1-0.01),0)*10 -> 1.5248139 | Z5: ==IFERROR(0.01+(X5-MIN($X$2:$X$595))/(MAX($X$2:$X$595)-MIN($X$2:$X$595))*(1-0.01),0)*10 -> 6.2778068
A6: 5 | B6: 上海市徐汇区湖南路街道安福路164号 | C6: 5 | D6: 集聚 | E6: 青年 | F6: 女 | G6: 落座 | H6: 观察；社交；休憩 | I6: 1 | J6: 0 | K6: 0 | L6: 0 | M6: 1 | N6: 0 | O6: 0 | P6: 1 | Q6: 0 | R6: 0 | S6: 0 | T6: 0 | U6: 0 | V6: 0 | W6: ==IFERROR((I6*20+J6*50+K6*50+L6*5+M6*80+N6*80+O6*40+P6*50+Q6*50+R6*50+S6*95+T6*95+U6*95+V6*50)/800*IF(E6="青年",0.2,IF(E6="老年",0.9,IF(E6="中年",0.5,1))),0) -> 0.0375 | X6: ==IFERROR((I6*80+J6*50+K6*50+L6*95+M6*20+N6*20+O6*60+P6*50+Q6*50+R6*50+S6*5+T6*5+U6*5+V6*50)/540*IF(E6="青年",0.8,IF(E6="老年",0.1,IF(E6="中年",0.5,1))),0) -> 0.22222222 | Y6: ==IFERROR(0.01+(W6-MIN($W$2:$W$595))/(MAX($W$2:$W$595)-MIN($W$2:$W$595))*(1-0.01),0)*10 -> 1.5248139 | Z6: ==IFERROR(0.01+(X6-MIN($X$2:$X$595))/(MAX($X$2:$X$595)-MIN($X$2:$X$595))*(1-0.01),0)*10 -> 6.2778068
A7: 6 | B7: 上海市徐汇区湖南路街道安福路164号 | C7: 6 | D7: 集聚 | E7: 青年 | F7: 女 | G7: 落座 | H7: 观察；社交；休憩 | I7: 1 | J7: 0 | K7: 0 | L7: 0 | M7: 1 | N7: 0 | O7: 0 | P7: 1 | Q7: 0 | R7: 0 | S7: 0 | T7: 0 | U7: 0 | V7: 0 | W7: ==IFERROR((I7*20+J7*50+K7*50+L7*5+M7*80+N7*80+O7*40+P7*50+Q7*50+R7*50+S7*95+T7*95+U7*95+V7*50)/800*IF(E7="青年",0.2,IF(E7="老年",0.9,IF(E7="中年",0.5,1))),0) -> 0.0375 | X7: ==IFERROR((I7*80+J7*50+K7*50+L7*95+M7*20+N7*20+O7*60+P7*50+Q7*50+R7*50+S7*5+T7*5+U7*5+V7*50)/540*IF(E7="青年",0.8,IF(E7="老年",0.1,IF(E7="中年",0.5,1))),0) -> 0.22222222 | Y7: ==IFERROR(0.01+(W7-MIN($W$2:$W$595))/(MAX($W$2:$W$595)-MIN($W$2:$W$595))*(1-0.01),0)*10 -> 1.5248139 | Z7: ==IFERROR(0.01+(X7-MIN($X$2:$X$595))/(MAX($X$2:$X$595)-MIN($X$2:$X$595))*(1-0.01),0)*10 -> 6.2778068
A8: 7 | B8: 上海市徐汇区湖南路街道安福路166号 | C8: 1 | D8: 独立 | E8: 中年 | F8: 男 | G8: 落座 | H8: 观察；休憩 | I8: 1 | J8: 0 | K8: 0 | L8: 0 | M8: 0 | N8: 0 | O8: 0 | P8: 1 | Q8: 0 | R8: 0 | S8: 0 | T8: 0 | U8: 0 | V8: 0 | W8: ==IFERROR((I8*20+J8*50+K8*50+L8*5+M8*80+N8*80+O8*40+P8*50+Q8*50+R8*50+S8*95+T8*95+U8*95+V8*50)/800*IF(E8="青年",0.2,IF(E8="老年",0.9,IF(E8="中年",0.5,1))),0) -> 0.04375 | X8: ==IFERROR((I8*80+J8*50+K8*50+L8*95+M8*20+N8*20+O8*60+P8*50+Q8*50+R8*50+S8*5+T8*5+U8*5+V8*50)/540*IF(E8="青年",0.8,IF(E8="老年",0.1,IF(E8="中年",0.5,1))),0) -> 0.12037037 | Y8: ==IFERROR(0.01+(W8-MIN($W$2:$W$595))/(MAX($W$2:$W$595)-MIN($W$2:$W$595))*(1-0.01),0)*10 -> 1.7704715 | Z8: ==IFERROR(0.01+(X8-MIN($X$2:$X$595))/(MAX($X$2:$X$595)-MIN($X$2:$X$595))*(1-0.01),0)*10 -> 3.4344648
A9: 8 | B9: 上海市徐汇区湖南路街道安福路166号 | C9: 2 | D9: 集聚 | E9: 青年 | F9: 女 | G9: 落座 | H9: 光顾；打卡 | I9: 0 | J9: 1 | K9: 0 | L9: 1 | M9: 0 | N9: 0 | O9: 0 | P9: 0 | Q9: 0 | R9: 0 | S9: 0 | T9: 0 | U9: 0 | V9: 0 | W9: ==IFERROR((I9*20+J9*50+K9*50+L9*5+M9*80+N9*80+O9*40+P9*50+Q9*50+R9*50+S9*95+T9*95+U9*95+V9*50)/800*IF(E9="青年",0.2,IF(E9="老年",0.9,IF(E9="中年",0.5,1))),0) -> 0.01375 | X9: ==IFERROR((I9*80+J9*50+K9*50+L9*95+M9*20+N9*20+O9*60+P9*50+Q9*50+R9*50+S9*5+T9*5+U9*5+V9*50)/540*IF(E9="青年",0.8,IF(E9="老年",0.1,IF(E9="中年",0.5,1))),0) -> 0.21481481 | Y9: ==IFERROR(0.01+(W9-MIN($W$2:$W$595))/(MAX($W$2:$W$595)-MIN($W$2:$W$595))*(1-0.01),0)*10 -> 0.59131514 | Z9: ==IFERROR(0.01+(X9-MIN($X$2:$X$595))/(MAX($X$2:$X$595)-MIN($X$2:$X$595))*(1-0.01),0)*10 -> 6.0710183
A10: 9 | B10: 上海市徐汇区湖南路街道安福路166号 | C10: 3 | D10: 集聚 | E10: 青年 | F10: 女 | G10: 落座 | H10: 光顾；打卡 | I10: 0 | J10: 1 | K10: 0 | L10: 1 | M10: 0 | N10: 0 | O10: 0 | P10: 0 | Q10: 0 | R10: 0 | S10: 0 | T10: 0 | U10: 0 | V10: 0 | W10: ==IFERROR((I10*20+J10*50+K10*50+L10*5+M10*80+N10*80+O10*40+P10*50+Q10*50+R10*50+S10*95+T10*95+U10*95+V10*50)/800*IF(E10="青年",0.2,IF(E10="老年",0.9,IF(E10="中年",0.5,1))),0) -> 0.01375 | X10: ==IFERROR((I10*80+J10*50+K10*50+L10*95+M10*20+N10*20+O10*60+P10*50+Q10*50+R10*50+S10*5+T10*5+U10*5+V10*50)/540*IF(E10="青年",0.8,IF(E10="老年",0.1,IF(E10="中年",0.5,1))),0) -> 0.21481481 | Y10: ==IFERROR(0.01+(W10-MIN($W$2:$W$595))/(MAX($W$2:$W$595)-MIN($W$2:$W$595))*(1-0.01),0)*10 -> 0.59131514 | Z10: ==IFERROR(0.01+(X10-MIN($X$2:$X$595))/(MAX($X$2:$X$595)-MIN($X$2:$X$595))*(1-0.01),0)*10 -> 6.0710183
A11: 10 | B11: 上海市徐汇区湖南路街道安福路166号 | C11: 4 | D11: 集聚 | E11: 青年 | F11: 男 | G11: 落座 | H11: 观察；休憩 | I11: 1 | J11: 0 | K11: 0 | L11: 0 | M11: 0 | N11: 0 | O11: 0 | P11: 1 | Q11: 0 | R11: 0 | S11: 0 | T11: 0 | U11: 0 | V11: 0 | W11: ==IFERROR((I11*20+J11*50+K11*50+L11*5+M11*80+N11*80+O11*40+P11*50+Q11*50+R11*50+S11*95+T11*95+U11*95+V11*50)/800*IF(E11="青年",0.2,IF(E11="老年",0.9,IF(E11="中年",0.5,1))),0) -> 0.0175 | X11: ==IFERROR((I11*80+J11*50+K11*50+L11*95+M11*20+N11*20+O11*60+P11*50+Q11*50+R11*50+S11*5+T11*5+U11*5+V11*50)/540*IF(E11="青年",0.8,IF(E11="老年",0.1,IF(E11="中年",0.5,1))),0) -> 0.19259259 | Y11: ==IFERROR(0.01+(W11-MIN($W$2:$W$595))/(MAX($W$2:$W$595)-MIN($W$2:$W$595))*(1-0.01),0)*10 -> 0.73870968 | Z11: ==IFERROR(0.01+(X11-MIN($X$2:$X$595))/(MAX($X$2:$X$595)-MIN($X$2:$X$595))*(1-0.01),0)*10 -> 5.4506527
A12: 11 | B12: 上海市徐汇区湖南路街道安福路166号 | C12: 5 | D12: 集聚 | E12: 青年 | F12: 女 | G12: 落座 | H12: 观察；休憩 | I12: 1 | J12: 0 | K12: 0 | L12: 0 | M12: 0 | N12: 0 | O12: 0 | P12: 1 | Q12: 0 | R12: 0 | S12: 0 | T12: 0 | U12: 0 | V12: 0 | W12: ==IFERROR((I12*20+J12*50+K12*50+L12*5+M12*80+N12*80+O12*40+P12*50+Q12*50+R12*50+S12*95+T12*95+U12*95+V12*50)/800*IF(E12="青年",0.2,IF(E12="老年",0.9,IF(E12="中年",0.5,1))),0) -> 0.0175 | X12: ==IFERROR((I12*80+J12*50+K12*50+L12*95+M12*20+N12*20+O12*60+P12*50+Q12*50+R12*50+S12*5+T12*5+U12*5+V12*50)/540*IF(E12="青年",0.8,IF(E12="老年",0.1,IF(E12="中年",0.5,1))),0) -> 0.19259259 | Y12: ==IFERROR(0.01+(W12-MIN($W$2:$W$595))/(MAX($W$2:$W$595)-MIN($W$2:$W$595))*(1-0.01),0)*10 -> 0.73870968 | Z12: ==IFERROR(0.01+(X12-MIN($X$2:$X$595))/(MAX($X$2:$X$595)-MIN($X$2:$X$595))*(1-0.01),0)*10 -> 5.4506527
A13: 12 | B13: 上海市徐汇区湖南路街道安福路193号 | C13: 1 | D13: 集聚 | E13: 青年 | F13: 男 | G13: 站立/倚靠 | H13: 社交 | I13: 0 | J13: 0 | K13: 0 | L13: 0 | M13: 1 | N13: 0 | O13: 0 | P13: 0 | Q13: 0 | R13: 0 | S13: 0 | T13: 0 | U13: 0 | V13: 0 | W13: ==IFERROR((I13*20+J13*50+K13*50+L13*5+M13*80+N13*80+O13*40+P13*50+Q13*50+R13*50+S13*95+T13*95+U13*95+V13*50)/800*IF(E13="青年",0.2,IF(E13="老年",0.9,IF(E13="中年",0.5,1))),0) -> 0.02 | X13: ==IFERROR((I13*80+J13*50+K13*50+L13*95+M13*20+N13*20+O13*60+P13*50+Q13*50+R13*50+S13*5+T13*5+U13*5+V13*50)/540*IF(E13="青年",0.8,IF(E13="老年",0.1,IF(E13="中年",0.5,1))),0) -> 0.02962963 | Y13: ==IFERROR(0.01+(W13-MIN($W$2:$W$595))/(MAX($W$2:$W$595)-MIN($W$2:$W$595))*(1-0.01),0)*10 -> 0.8369727 | Z13: ==IFERROR(0.01+(X13-MIN($X$2:$X$595))/(MAX($X$2:$X$595)-MIN($X$2:$X$595))*(1-0.01),0)*10 -> 0.90130548
... A595: 594 | B595: 上海市徐汇区天平路街道永康路85号 | C595: 5 | D595: 集聚 | E595: 青年 | F595: 女 | G595: 落座 | H595: 休憩 | I595: 0 | J595: 0 | K595: 0 | L595: 0 | M595: 0 | N595: 0 | O595: 0 | P595: 1 | Q595: 0 | R595: 0 | S595: 0 | T595: 0 | U595: 0 | V595: 0 | W595: ==IFERROR((I595*20+J595*50+K595*50+L595*5+M595*80+N595*80+O595*40+P595*50+Q595*50+R595*50+S595*95+T595*95+U595*95+V595*50)/800*IF(E595="青年",0.2,IF(E595="老年",0.9,IF(E595="中年",0.5,1))),0) -> 0.0125 | X595: ==IFERROR((I595*80+J595*50+K595*50+L595*95+M595*20+N595*20+O595*60+P595*50+Q595*50+R595*50+S595*5+T595*5+U595*5+V595*50)/540*IF(E595="青年",0.8,IF(E595="老年",0.1,IF(E595="中年",0.5,1))),0) -> 0.074074074 | Y595: ==IFERROR(0.01+(W595-MIN($W$2:$W$595))/(MAX($W$2:$W$595)-MIN($W$2:$W$595))*(1-0.01),0)*10 -> 0.54218362 | Z595: ==IFERROR(0.01+(X595-MIN($X$2:$X$595))/(MAX($X$2:$X$595)-MIN($X$2:$X$595))*(1-0.01),0)*10 -> 2.1420366

Sheet 点位均值
A1: 完整地址 | B1: 平均值项： 居民指数 | C1: 平均值项： 游客指数
A2: 上海市黄浦区瑞金二路街道茂名南路132号 | B2: 1.0262735 | C2: 2.1496391
A3: 上海市黄浦区瑞金二路街道茂名南路72号 | B3: 0.59131514 | C3: 2.1937337
A4: 上海市黄浦区瑞金二路街道南昌路181号 | B4: 1.2791563 | C4: 1.3665796
A5: 上海市黄浦区瑞金二路街道南昌路209弄2号 | B5: 0.28759305 | C5: 3.213577
A6: 上海市黄浦区瑞金二路街道南昌路354号 | B6: 0.8369727 | C6: 0.90130548
A7: 上海市黄浦区瑞金二路街道绍兴路19号 | B7: 0.95058933 | C7: 3.5249347
A8: 上海市黄浦区瑞金二路街道绍兴路8号 | B8: 2.6507444 | C8: 0.44033943
A9: 上海市黄浦区瑞金二路街道永嘉路120号 | B9: 1.0966678 | C9: 1.3961209
A10: 上海市黄浦区天平路街道南昌路205弄2号 | B10: 0.59131514 | C10: 2.2209427
A11: 上海市静安区南京西路街道富民路142号 | B11: 0.76327543 | C11: 2.6331593
A12: 上海市静安区南京西路街道富民路160号 | B12: 1.3282878 | C12: 2.9691906
A13: 上海市静安区南京西路街道富民路177号 | B13: 1.0662531 | C13: 2.6934726
... A112: 总计 | B112: 1.2620347 | C112: 2.937772

Sheet 0904更新工作流
A1: 第一 | B1: 街道可视化 | C1: 横纵轴数据 | D1: 人群活力度/空间属性
A2: 第二 | B2: 空间活力度本身：1.spearman关联性分析 | C2: 人的行为量化 | D2: 年龄混合度 | E2: 活动混合度 | F2: 性别混合度 | G2: 游客/居民混合度 排序加权计算 | H2: 行为赋分+年龄叠加 | I2: 停留时长评分
B3: 得出影响度，阈值
B4: 2.不配得性-寻找负面特征
A5: 第三 | B5: 人的混合性和包容性 | C5: 相关性分析
B6: 对于混合性的不配得性-寻找负面特征
A15: 活动权重 | B15: 打卡人数 | C15: 观察人数 | D15: 饮食人数 | E15: 光顾人数 | F15: 等待人数 | G15: 休憩人数 | H15: 避雨/遮阳人数 | I15: 工作人数 | J15: 社交人数 | K15: 争吵/纠纷人数 | L15: 照看人数 | M15: 整理人数 | N15: 娱乐人数 | O15: 运动人数
A16: 游客属性赋值 | B16: 95 | C16: 80 | D16: 60 | E16: 50 | F16: 50 | G16: 50 | H16: 50 | I16: 50 | J16: 20 | K16: 20 | L16: 5 | M16: 50 | N16: 5 | O16: 5
A17: 居民属性赋值 | B17: 5 | C17: 20 | D17: 40 | E17: 50 | F17: 50 | G17: 50 | H17: 50 | I17: 50 | J17: 80 | K17: 80 | L17: 95 | M17: 50 | N17: 95 | O17: 95
A20: 年龄赋值 | B20: 幼年人数 | C20: 青年人数 | D20: 中年人数 | E20: 老年人数 | F20: 男性 | G20: 女性
A21: 游客属性赋值 | B21: 不考虑 | C21: 0.8 | D21: 0.5 | E21: 0.1 | F21: 不考虑 | G21: 不考虑
A22: 居民属性赋值 | B22: 不考虑 | C22: 0.2 | D22: 0.5 | E22: 0.9 | F22: 不考虑 | G22: 不考虑
A30: 板块1：街道可视化 | B30: 指标类型 | C30: 角度 | D30: 要画的图表 | E30: X数据处理 | F30: Y数据处理 | G30: 分类标准 | H30: 代表意义
B31: 行为指标 | C31: 宏观 | D31: 热力图 | E31: 街道节点 | F31: 人数热力 | G31: 按街道分 | H31: 人员行为热力分布图
B32: 空间指标 | C32: 宏观 | D32: 堆叠柱状图 | E32: 街道 | F32: 评分及权重占比 | G32: 所有节点，不按街道分类 | H32: 空间整体状态权重分析
C33: 宏观/空间指标 | D33: 柱状图 | E33: 街道节点，功能呈现度 | F33: 功能混合度 | G33: 按街道分 | H33: 功能混合度分析
A35: 板块2：空间活力度 | B35: 分析类型 | C35: 角度 | D35: 要画的图表 | E35: X数据处理 | F35: Y数据处理 | G35: 分类标准 | H35: 代表意义
B36: 相关性分析 | C36: 宏观/所有指标 | D36: spearman关联性分析 | G36: 所有指标 | I36: Spearman 多因素关联性分析报告
C37: 宏观/空间指标 | E37: 节点空间长度 | F37: 有效停留空间面积 | G37: 所有节点，不按街道分类 | H37: 空间有效性分析
C38: 宏观 | E38: 节点空间长度 | F38: 可承载停留人数 | G38: 所有节点，不按街道分类 | H38: 空间承载力分析
C39: 宏观 | E39: 节点空间长度 | F39: 消费性空间占比 | G39: 所有节点，不按街道分类 | H39: 消费空间分析
C40: 宏观/空间指标 | E40: 界面整体状态 | F40: 遮荫率/声环境/视觉丰富度 | G40: 所有节点，不按街道分类 | H40: 界面品质与舒适度分析
A42: 板块3：空间活力度 | B42: 分析类型 | C42: 角度 | D42: 要画的图表 | E42: X数据处理 | F42: Y数据处理 | G42: 分类标准 | H42: 代表意义
B43: 不配得性 | C43: 宏观 | D43: 单轴散点图 | E43: 街道节点 | F43: 界面整体状态/行人样本数 | G43: 所有节点，不按街道分类 | H43: 直观判断主观评价和实际选择差异
C44: 微观 | D44: 散点图 | E44: 街道节点 | F44: 行人样本数/有效空间停留面积 | G44: 所有节点，不按街道分类 | H44: 计算空间效率指数，高于平均范围为负荷过载型，低于为资源浪费型
A47: 板块4：空间包容度 | B47: 分析类型 | C47: 角度 | D47: 要画的图表 | E47: X数据处理 | F47: Y数据处理 | G47: 分类标准 | H47: 代表意义
B48: 相关性分析 | C48: 宏观/行为指标 | D48: 街道人群构成（年龄、身份） | H48: 人的混合性和包容性
C49: 宏观/行为指标 | D49: 洛伦兹曲线图 | H49: 行为集中度
C50: 宏观/行为指标 | D50: 雷达图 | G50: 全域/按行政街道/按道路 | H50: 多维混合度
C51: 宏观 | D51: 关联表格 | E51: 分为人群x行为、人群x空间、行为x空间 | H51: 人群、行为与空间关联
A53: 板块5：空间包容度 | B53: 分析类型 | C53: 角度 | D53: 要画的图表 | E53: X数据处理 | F53: Y数据处理 | G53: 分类标准 | H53: 代表意义
B54: 不配得性 | C54: 微观 | D54: 三柱状图 | E54: 功能类型 | F54: 左为人均消费水平，中为消费型停留空间占比，右为可承载停留人数 | H54: 经济门槛与阶层排他（消费不配得）
C55: 微观 | D55: 桑基图 | E55: 空间原初功能 | F55: 当前功能类型 | H55: 在地记忆的悬置
C56: 微观 | D56: 框线图 | E56: 街道节点 | F56: 年龄混合度、bootstrap | G56: 所有节点，不按街道分类 | H56: 点位混合度与置信区间

Sheet 全量总表(0906)(副本)
A1: 点位基础信息 | K1: 空间分析信息 | AH1: 行人行为信息 | BI1: 进一步计算
A2: 基本字段 | K2: 空间尺寸 | N2: 功能类型 | U2: 界面品质 | AD2: 环境舒适度 | AH2: 总体 | AL2: 年龄 | AP2: 性别 | AS2: 动作 | AU2: 具体行为 | BK2: 辅助计算
A3: 序号 | B3: 点位ID | C3: 完整地址 | D3: 立面照片 | E3: A 界面类型 | F3: B1 界面退让 | G3: B2 可视度 | H3: B3 构件延伸 | I3: C 尺度层级 | J3: D 附属设施 | K3: 节点空间长度(m) | L3: 界面退让距离(m) | M3: 有效停留空间面积(㎡) | N3: 功能类型 | O3: 功能混合度 | P3: 功能呈现度 | Q3: 人均消费水平(元/人) | R3: 消费型停留空间占比(%) | S3: 可承载停留人数(人) | T3: 界面整体状态 | U3: 界面开放度 | V3: 临街互动性 | W3: 界面连续性 | X3: 界面连续性照片 | Y3: 视觉丰富度 | Z3: 历史感知度 | AA3: 路面状态 | AB3: 动静混合度 | AC3: 动静混合度照片 | AD3: 遮荫来源 | AE3: 遮荫率(%) | AF3: 声环境舒适度 | AG3: 气味环境 | AH3: 行人样本数 | AI3: 行为集群数 | AJ3: 独立人数 | AK3: 集聚人数 | AL3: 幼年人数 | AM3: 青年人数 | AN3: 中年人数 | AO3: 老年人数 | AP3: 男性人数 | AQ3: 女性人数 | AR3: 无法判断性别人数 | AS3: 落座人数 | AT3: 站立/倚靠人数 | AU3: 观察人数 | AV3: 光顾人数 | AW3: 等待人数 | AX3: 打卡人数 | AY3: 社交人数 | AZ3: 争吵/纠纷人数 | BA3: 饮食人数 | BB3: 休憩人数 | BC3: 避雨/遮阳人数 | BD3: 工作人数 | BE3: 娱乐人数 | BF3: 运动人数 | BG3: 照看人数 | BH3: 整理人数 | BI3: 总人数 | BJ3: 停留密度 | BK3: 集聚比例 | BL3: H2 | BM3: I2 | BN3: J2 | BO3: K2 | BP3: 香农原始指数 | BQ3: 年龄混合度 | BR3: 居民指数 | BS3: 游客指数
A4: 1 | B4: 9d8e095d-f8e5-4512-a9b7-ec0752167fc8 | C4: 上海市徐汇区湖南路街道安福路164号 | D4: image.jpg | E4: A2 商业界面 | F4: B1a 无后退 | G4: B2b 橱窗 | H4: B3a-ii 外摆在外侧；B3b-ii 招牌；B3b-iii 大雨棚 | I4: C3 建筑尺度（整栋建筑） | J4: D2 行道树 | K4: 20 | L4: 5 | M4: 80 | N4: 餐饮/饮品 | O4: 1 | P4: 4 | Q4: 120 | R4: 80 | S4: 40 | T4: 4 | U4: 4 | V4: 4 | Y4: 4 | Z4: 2 | AA4: 4 | AD4: 建筑；雨棚 | AE4: 50 | AF4: 4 | AG4: 5 | AH4: 6 | AI4: 1 | AJ4: 1 | AK4: 5 | AL4: 0 | AM4: 6 | AN4: 0 | AO4: 0 | AP4: 4 | AQ4: 2 | AR4: 0 | AS4: 6 | AT4: 0 | AU4: 6 | AV4: 1 | AW4: 0 | AX4: 0 | AY4: 4 | AZ4: 0 | BA4: 0 | BB4: 6 | BC4: 0 | BD4: 0 | BE4: 0 | BF4: 0 | BG4: 0 | BH4: 0 | BI4: ==AH4 -> 6 | BJ4: ==BI4/M4 -> 0.075 | BK4: ==AK4/AH4 -> 0.83333333 | BL4: ==IF(BI4=0,0,AL4/BI4) -> 0 | BM4: ==IF(BI4=0,0,AM4/BI4) -> 1 | BN4: ==IF(BI4=0,0,AN4/BI4) -> 0 | BO4: ==IF(BI4=0,0,AO4/BI4) -> 0 | BP4: ==-IF(BL4=0,0,BL4*LN(BL4))-IF(BM4=0,0,BM4*LN(BM4))-IF(BN4=0,0,BN4*LN(BN4))-IF(BO4=0,0,BO4*LN(BO4)) -> 0 | BQ4: ==IF(BI4=0,0,BP4/LN(4)*100) -> 0 | BR4: ==_xlfn.XLOOKUP(C4,点位均值!$A:$A,点位均值!$B:$B,"无匹配") -> 1.344665 | BS4: ==_xlfn.XLOOKUP(C4,点位均值!$A:$A,点位均值!$C:$C,"无匹配") -> 6.3467363
A5: 2 | B5: 99f1d6c2-4f94-4963-8385-c500055f72dc | C5: 上海市徐汇区湖南路街道安福路166号 | D5: image.jpg | E5: A2 商业界面 | F5: B1a 无后退 | G5: B2b 橱窗 | H5: B3a-ii 外摆在外侧；B3b-ii 招牌；B3b-iii 大雨棚 | I5: C3 建筑尺度（整栋建筑） | J5: D2 行道树；D3 花坛 | K5: 20 | L5: 5 | M5: 100 | N5: 餐饮/饮品 | O5: 1 | P5: 4 | Q5: 120 | R5: 80 | S5: 50 | T5: 5 | U5: 5 | V5: 4 | W5: 界面连续性好 | X5: 164.jpg | Y5: 5 | Z5: 2 | AA5: 4 | AB5: 餐厅门口有围合 | AC5: 164.jpg | AD5: 树木；建筑；雨棚 | AE5: 70 | AF5: 4 | AG5: 5 | AH5: 5 | AI5: 2 | AJ5: 1 | AK5: 4 | AL5: 0 | AM5: 4 | AN5: 1 | AO5: 0 | AP5: 2 | AQ5: 3 | AR5: 0 | AS5: 5 | AT5: 0 | AU5: 3 | AV5: 2 | AW5: 0 | AX5: 2 | AY5: 0 | AZ5: 0 | BA5: 0 | BB5: 3 | BC5: 0 | BD5: 0 | BE5: 0 | BF5: 0 | BG5: 0 | BH5: 0 | BI5: ==AH5 -> 5 | BJ5: ==BI5/M5 -> 0.05 | BK5: ==AK5/AH5 -> 0.8 | BL5: ==IF(BI5=0,0,AL5/BI5) -> 0 | BM5: ==IF(BI5=0,0,AM5/BI5) -> 0.8 | BN5: ==IF(BI5=0,0,AN5/BI5) -> 0.2 | BO5: ==IF(BI5=0,0,AO5/BI5) -> 0 | BP5: ==-IF(BL5=0,0,BL5*LN(BL5))-IF(BM5=0,0,BM5*LN(BM5))-IF(BN5=0,0,BN5*LN(BN5))-IF(BO5=0,0,BO5*LN(BO5)) -> 0.50040242 | BQ5: ==IF(BI5=0,0,BP5/LN(4)*100) -> 36.096405 | BR5: ==_xlfn.XLOOKUP(C5,点位均值!$A:$A,点位均值!$B:$B,"无匹配") -> 0.88610422 | BS5: ==_xlfn.XLOOKUP(C5,点位均值!$A:$A,点位均值!$C:$C,"无匹配") -> 5.2955614
A6: 3 | B6: 18c6d783-3590-4ac7-8e33-7e1c81e51eb7 | C6: 上海市徐汇区湖南路街道安福路193号 | D6: image.jpg | E6: A2 商业界面 | F6: B1a 无后退 | G6: B2b 橱窗 | I6: C1 构件尺度（窗口、洞口、座椅） | J6: D2 行道树 | K6: 10 | L6: 0.5 | M6: 20 | N6: 零售；文化展示 | O6: 2 | P6: 4 | Q6: 270 | R6: 20 | S6: 10 | T6: 4 | U6: 2 | V6: 3 | X6: 193.jpg | Y6: 3 | Z6: 4 | AA6: 4 | AC6: 193.jpg | AD6: 建筑 | AE6: 20 | AF6: 4 | AG6: 4 | AH6: 3 | AI6: 1 | AJ6: 0 | AK6: 3 | AL6: 1 | AM6: 2 | AN6: 0 | AO6: 0 | AP6: 1 | AQ6: 2 | AR6: 0 | AS6: 0 | AT6: 3 | AU6: 0 | AV6: 0 | AW6: 0 | AX6: 0 | AY6: 3 | AZ6: 0 | BA6: 0 | BB6: 0 | BC6: 0 | BD6: 0 | BE6: 0 | BF6: 0 | BG6: 0 | BH6: 0 | BI6: ==AH6 -> 3 | BJ6: ==BI6/M6 -> 0.15 | BK6: ==AK6/AH6 -> 1 | BL6: ==IF(BI6=0,0,AL6/BI6) -> 0.33333333 | BM6: ==IF(BI6=0,0,AM6/BI6) -> 0.66666667 | BN6: ==IF(BI6=0,0,AN6/BI6) -> 0 | BO6: ==IF(BI6=0,0,AO6/BI6) -> 0 | BP6: ==-IF(BL6=0,0,BL6*LN(BL6))-IF(BM6=0,0,BM6*LN(BM6))-IF(BN6=0,0,BN6*LN(BN6))-IF(BO6=0,0,BO6*LN(BO6)) -> 0.63651417 | BQ6: ==IF(BI6=0,0,BP6/LN(4)*100) -> 45.914792 | BR6: ==_xlfn.XLOOKUP(C6,点位均值!$A:$A,点位均值!$B:$B,"无匹配") -> 1.8851117 | BS6: ==_xlfn.XLOOKUP(C6,点位均值!$A:$A,点位均值!$C:$C,"无匹配") -> 0.97023499
A7: 4 | B7: 8f16aeb0-6e1b-4b94-a3e5-45370214114a | C7: 上海市徐汇区湖南路街道安福路195号 | D7: image.jpg | E7: A2 商业界面 | F7: B1c 局部后退 | G7: B2b 橱窗 | H7: B3a-i 外摆在内侧；B3b-ii 招牌 | I7: C2 开间尺度（单个店面或小片连续界面） | K7: 8 | L7: 2 | M7: 40 | N7: 餐饮/饮品 | O7: 1 | P7: 5 | Q7: 78 | R7: 30 | S7: 5 | T7: 4 | U7: 4 | V7: 4 | W7: 界面连续性较好 | X7: 195.jpg | Y7: 5 | Z7: 2 | AA7: 4 | AB7: 有特殊铺地、餐厅入口有抬升 | AC7: 195.jpg | AD7: 建筑；雨棚 | AE7: 30 | AF7: 3 | AG7: 4 | AH7: 2 | AI7: 1 | AJ7: 0 | AK7: 2 | AL7: 0 | AM7: 2 | AN7: 0 | AO7: 0 | AP7: 0 | AQ7: 2 | AR7: 0 | AS7: 2 | AT7: 0 | AU7: 2 | AV7: 0 | AW7: 0 | AX7: 0 | AY7: 2 | AZ7: 0 | BA7: 2 | BB7: 2 | BC7: 0 | BD7: 0 | BE7: 0 | BF7: 0 | BG7: 0 | BH7: 0 | BI7: ==AH7 -> 2 | BJ7: ==BI7/M7 -> 0.05 | BK7: ==AK7/AH7 -> 1 | BL7: ==IF(BI7=0,0,AL7/BI7) -> 0 | BM7: ==IF(BI7=0,0,AM7/BI7) -> 1 | BN7: ==IF(BI7=0,0,AN7/BI7) -> 0 | BO7: ==IF(BI7=0,0,AO7/BI7) -> 0 | BP7: ==-IF(BL7=0,0,BL7*LN(BL7))-IF(BM7=0,0,BM7*LN(BM7))-IF(BN7=0,0,BN7*LN(BN7))-IF(BO7=0,0,BO7*LN(BO7)) -> 0 | BQ7: ==IF(BI7=0,0,BP7/LN(4)*100) -> 0 | BR7: ==_xlfn.XLOOKUP(C7,点位均值!$A:$A,点位均值!$B:$B,"无匹配") -> 1.917866 | BS7: ==_xlfn.XLOOKUP(C7,点位均值!$A:$A,点位均值!$C:$C,"无匹配") -> 8.7592689
A8: 5 | B8: 53635d96-ee4b-4e52-9e2d-365491a80cd8 | C8: 上海市徐汇区湖南路街道安福路229弄17号 | D8: image.jpg | E8: A2 商业界面 | F8: B1a 无后退 | G8: B2c 墙面开洞 | I8: C1 构件尺度（窗口、洞口、座椅） | K8: 10 | L8: 0 | M8: 25 | N8: 零售；居住 | O8: 2 | P8: 4 | Q8: 99 | R8: 10 | S8: 3 | T8: 4 | U8: 2 | V8: 2 | W8: 连续性强 | X8: 229.jpg | Y8: 2 | Z8: 3 | AA8: 5 | AB8: 无特殊铺地 围合 抬升 | AC8: 229.jpg | AD8: 树木 | AE8: 30 | AF8: 3 | AG8: 3 | AH8: 2 | AI8: 1 | AJ8: 0 | AK8: 2 | AL8: 0 | AM8: 2 | AN8: 0 | AO8: 0 | AP8: 0 | AQ8: 2 | AR8: 0 | AS8: 0 | AT8: 2 | AU8: 0 | AV8: 2 | AW8: 0 | AX8: 0 | AY8: 0 | AZ8: 0 | BA8: 0 | BB8: 0 | BC8: 0 | BD8: 0 | BE8: 0 | BF8: 0 | BG8: 0 | BH8: 0 | BI8: ==AH8 -> 2 | BJ8: ==BI8/M8 -> 0.08 | BK8: ==AK8/AH8 -> 1 | BL8: ==IF(BI8=0,0,AL8/BI8) -> 0 | BM8: ==IF(BI8=0,0,AM8/BI8) -> 1 | BN8: ==IF(BI8=0,0,AN8/BI8) -> 0 | BO8: ==IF(BI8=0,0,AO8/BI8) -> 0 | BP8: ==-IF(BL8=0,0,BL8*LN(BL8))-IF(BM8=0,0,BM8*LN(BM8))-IF(BN8=0,0,BN8*LN(BN8))-IF(BO8=0,0,BO8*LN(BO8)) -> 0 | BQ8: ==IF(BI8=0,0,BP8/LN(4)*100) -> 0 | BR8: ==_xlfn.XLOOKUP(C8,点位均值!$A:$A,点位均值!$B:$B,"无匹配") -> 0.54218362 | BS8: ==_xlfn.XLOOKUP(C8,点位均值!$A:$A,点位均值!$C:$C,"无匹配") -> 2.1420366
A9: 6 | B9: 14657945-e3e6-4814-9827-aeb986a3f236 | C9: 上海市徐汇区湖南路街道安福路290号 | D9: image.jpg | E9: A3 公共机构界面 | F9: B1d 整体后退 | G9: B2d 完全开敞 | H9: B3b-iii 大雨棚 | I9: C3 建筑尺度（整栋建筑） | J9: D2 行道树；D3 花坛 | K9: 50 | L9: 5 | M9: 100 | N9: 文化展示 | O9: 1 | P9: 4 | T9: 4 | U9: 4 | V9: 3 | Y9: 2 | Z9: 4 | AA9: 5 | AD9: 树木；雨棚 | AE9: 80 | AF9: 4 | AG9: 3 | AH9: 11 | AI9: 4 | AJ9: 2 | AK9: 9 | AL9: 0 | AM9: 11 | AN9: 0 | AO9: 0 | AP9: 4 | AQ9: 7 | AR9: 0 | AS9: 9 | AT9: 2 | AU9: 3 | AV9: 0 | AW9: 0 | AX9: 0 | AY9: 1 | AZ9: 0 | BA9: 0 | BB9: 11 | BC9: 0 | BD9: 0 | BE9: 0 | BF9: 0 | BG9: 1 | BH9: 0 | BI9: ==AH9 -> 11 | BJ9: ==BI9/M9 -> 0.11 | BK9: ==AK9/AH9 -> 0.81818182 | BL9: ==IF(BI9=0,0,AL9/BI9) -> 0 | BM9: ==IF(BI9=0,0,AM9/BI9) -> 1 | BN9: ==IF(BI9=0,0,AN9/BI9) -> 0 | BO9: ==IF(BI9=0,0,AO9/BI9) -> 0 | BP9: ==-IF(BL9=0,0,BL9*LN(BL9))-IF(BM9=0,0,BM9*LN(BM9))-IF(BN9=0,0,BN9*LN(BN9))-IF(BO9=0,0,BO9*LN(BO9)) -> 0 | BQ9: ==IF(BI9=0,0,BP9/LN(4)*100) -> 0 | BR9: ==_xlfn.XLOOKUP(C9,点位均值!$A:$A,点位均值!$B:$B,"无匹配") -> 0.75210918 | BS9: ==_xlfn.XLOOKUP(C9,点位均值!$A:$A,点位均值!$C:$C,"无匹配") -> 3.1383812
A10: 7 | B10: 775bfa73-8b2b-4b6f-9c49-8b02774080c8 | C10: 上海市徐汇区湖南路街道东湖路30号 | D10: IMG_20260830_142259.jpg | K10: 12 | L10: 0.5 | M10: 31.6 | N10: 餐饮/饮品 | O10: 1 | P10: 2 | Q10: 139 | R10: 30 | S10: 15 | T10: 5 | U10: 4 | V10: 3 | W10: 该餐饮店独立存在，一侧是小广场，一侧是内部通道大门，连续性不强 | X10: IMG_20260830_142259.jpg | Y10: 4 | Z10: 4 | AA10: 5 | AB10: 警戒线围合一半座位。 | AD10: 树木 | AE10: 50 | AF10: 4 | AG10: 5 | AH10: 8 | AI10: 3 | AJ10: 2 | AK10: 6 | AL10: 0 | AM10: 4 | AN10: 4 | AO10: 0 | AP10: 3 | AQ10: 5 | AR10: 0 | AS10: 4 | AT10: 4 | AU10: 3 | AV10: 0 | AW10: 0 | AX10: 0 | AY10: 2 | AZ10: 0 | BA10: 0 | BB10: 5 | BC10: 0 | BD10: 0 | BE10: 0 | BF10: 0 | BG10: 0 | BH10: 0 | BI10: ==AH10 -> 8 | BJ10: ==BI10/M10 -> 0.25316456 | BK10: ==AK10/AH10 -> 0.75 | BL10: ==IF(BI10=0,0,AL10/BI10) -> 0 | BM10: ==IF(BI10=0,0,AM10/BI10) -> 0.5 | BN10: ==IF(BI10=0,0,AN10/BI10) -> 0.5 | BO10: ==IF(BI10=0,0,AO10/BI10) -> 0 | BP10: ==-IF(BL10=0,0,BL10*LN(BL10))-IF(BM10=0,0,BM10*LN(BM10))-IF(BN10=0,0,BN10*LN(BN10))-IF(BO10=0,0,BO10*LN(BO10)) -> 0.69314718 | BQ10: ==IF(BI10=0,0,BP10/LN(4)*100) -> 50 | BR10: ==_xlfn.XLOOKUP(C10,点位均值!$A:$A,点位均值!$B:$B,"无匹配") -> 1.1808933 | BS10: ==_xlfn.XLOOKUP(C10,点位均值!$A:$A,点位均值!$C:$C,"无匹配") -> 2.2325065
A11: 8 | B11: 9d0ec278-66d9-4854-af2c-2f67b6af4d23 | C11: 上海市徐汇区湖南路街道东湖路56弄26号 | D11: 1788071864890.jpg | K11: 4.8 | L11: 0 | M11: 19.7 | N11: 餐饮/饮品；零售 | O11: 2 | P11: 5 | Q11: 30 | R11: 0 | S11: 0 | T11: 4.5 | U11: 4.5 | V11: 5 | W11: 一侧连接零售店，有明显界面退让。一侧临街，做成休憩花园。 | Y11: 4.5 | Z11: 4 | AA11: 4 | AB11: 有植物围合。 | AD11: 树木 | AE11: 20 | AF11: 4.5 | AG11: 4 | AH11: 16 | AI11: 6 | AJ11: 1 | AK11: 15 | AL11: 4 | AM11: 9 | AN11: 3 | AO11: 0 | AP11: 5 | AQ11: 11 | AR11: 0 | AS11: 0 | AT11: 16 | AU11: 0 | AV11: 15 | AW11: 0 | AX11: 1 | AY11: 0 | AZ11: 0 | BA11: 0 | BB11: 0 | BC11: 0 | BD11: 0 | BE11: 0 | BF11: 0 | BG11: 0 | BH11: 0 | BI11: ==AH11 -> 16 | BJ11: ==BI11/M11 -> 0.81218274 | BK11: ==AK11/AH11 -> 0.9375 | BL11: ==IF(BI11=0,0,AL11/BI11) -> 0.25 | BM11: ==IF(BI11=0,0,AM11/BI11) -> 0.5625 | BN11: ==IF(BI11=0,0,AN11/BI11) -> 0.1875 | BO11: ==IF(BI11=0,0,AO11/BI11) -> 0 | BP11: ==-IF(BL11=0,0,BL11*LN(BL11))-IF(BM11=0,0,BM11*LN(BM11))-IF(BN11=0,0,BN11*LN(BN11))-IF(BO11=0,0,BO11*LN(BO11)) -> 0.9840865 | BQ11: ==IF(BI11=0,0,BP11/LN(4)*100) -> 70.986836 | BR11: ==_xlfn.XLOOKUP(C11,点位均值!$A:$A,点位均值!$B:$B,"无匹配") -> 1.10259 | BS11: ==_xlfn.XLOOKUP(C11,点位均值!$A:$A,点位均值!$C:$C,"无匹配") -> 2.1985803
A12: 9 | B12: 6c309cb0-65d5-4d49-9890-694467cbf147 | C12: 上海市徐汇区湖南路街道汾阳路57号 | D12: d1 (3).jpg | K12: 4 | L12: 0 | M12: 3 | N12: 餐饮/饮品 | O12: 1 | P12: 4 | Q12: 0 | R12: 80 | S12: 12 | T12: 4 | U12: 3 | V12: 4 | W12: 连续性很好 | Y12: 2 | Z12: 3 | AA12: 4 | AB12: 无特殊处理 | AD12: 树木；建筑 | AE12: 90 | AF12: 4 | AG12: 3 | BI12: ==AH12 -> 0 | BJ12: ==BI12/M12 -> 0 | BK12: ==AK12/AH12 -> #DIV/0! | BL12: ==IF(BI12=0,0,AL12/BI12) -> 0 | BM12: ==IF(BI12=0,0,AM12/BI12) -> 0 | BN12: ==IF(BI12=0,0,AN12/BI12) -> 0 | BO12: ==IF(BI12=0,0,AO12/BI12) -> 0 | BP12: ==-IF(BL12=0,0,BL12*LN(BL12))-IF(BM12=0,0,BM12*LN(BM12))-IF(BN12=0,0,BN12*LN(BN12))-IF(BO12=0,0,BO12*LN(BO12)) -> 0 | BQ12: ==IF(BI12=0,0,BP12/LN(4)*100) -> 0 | BR12: ==_xlfn.XLOOKUP(C12,点位均值!$A:$A,点位均值!$B:$B,"无匹配") -> 无匹配 | BS12: ==_xlfn.XLOOKUP(C12,点位均值!$A:$A,点位均值!$C:$C,"无匹配") -> 无匹配
A13: 10 | B13: c9e57e2f-36a8-45a4-9a9c-ea4c2195de5b | C13: 上海市徐汇区湖南路街道汾阳路64弄2号 | D13: d1 (2).jpg | K13: 21 | L13: 0 | M13: 24 | N13: 餐饮/饮品 | O13: 2 | P13: 3 | Q13: 118 | R13: 100 | S13: 20 | T13: 1 | U13: 3 | V13: 3 | W13: 独立独栋建筑 | Y13: 4 | Z13: 4 | AA13: 5 | AB13: 无特殊处理 | AD13: 树木；建筑 | AE13: 60 | AF13: 4 | AG13: 4 | AH13: 4 | AI13: 4 | AJ13: 0 | AK13: 4 | AL13: 1 | AM13: 0 | AN13: 1 | AO13: 2 | AP13: 1 | AQ13: 3 | AR13: 0 | AS13: 2 | AT13: 2 | AU13: 0 | AV13: 0 | AW13: 2 | AX13: 0 | AY13: 2 | AZ13: 0 | BA13: 0 | BB13: 2 | BC13: 0 | BD13: 0 | BE13: 0 | BF13: 0 | BG13: 0 | BH13: 0 | BI13: ==AH13 -> 4 | BJ13: ==BI13/M13 -> 0.16666667 | BK13: ==AK13/AH13 -> 1 | BL13: ==IF(BI13=0,0,AL13/BI13) -> 0.25 | BM13: ==IF(BI13=0,0,AM13/BI13) -> 0 | BN13: ==IF(BI13=0,0,AN13/BI13) -> 0.25 | BO13: ==IF(BI13=0,0,AO13/BI13) -> 0.5 | BP13: ==-IF(BL13=0,0,BL13*LN(BL13))-IF(BM13=0,0,BM13*LN(BM13))-IF(BN13=0,0,BN13*LN(BN13))-IF(BO13=0,0,BO13*LN(BO13)) -> 1.0397208 | BQ13: ==IF(BI13=0,0,BP13/LN(4)*100) -> 75 | BR13: ==_xlfn.XLOOKUP(C13,点位均值!$A:$A,点位均值!$B:$B,"无匹配") -> 3.8462779 | BS13: ==_xlfn.XLOOKUP(C13,点位均值!$A:$A,点位均值!$C:$C,"无匹配") -> 1.2244125
A14: 11 | B14: 12d2e13f-b840-484c-817e-e4a7149b3d0b | C14: 上海市徐汇区湖南路街道富民路291号 | D14: IMG_20260830_160320.jpg | E14: A2 商业界面 | F14: B1a 无后退 | G14: B2c 墙面开洞 | H14: B3b-ii 招牌 | I14: C1 构件尺度（窗口、洞口、座椅） | J14: D1 公共座椅；D2 行道树；D6 共享单车 | K14: 27.2 | L14: 0 | M14: 106.8 | N14: 零售；文化展示 | O14: 2 | P14: 5 | Q14: 1157 | R14: 0 | S14: 50 | T14: 4 | U14: 3.7 | V14: 4 | W14: 极强连续性，左右均为相同界面风格的时尚大牌服装店 | Y14: 4 | Z14: 3.3 | AA14: 4 | AB14: 有抬升，砖石铺地，石制栏杆围合 | AD14: 树木 | AE14: 20 | AF14: 3.3 | AG14: 4 | AH14: 7 | AI14: 3 | AJ14: 1 | AK14: 6 | AL14: 0 | AM14: 7 | AN14: 0 | AO14: 0 | AP14: 2 | AQ14: 5 | AR14: 0 | AS14: 7 | AT14: 0 | AU14: 0 | AV14: 0 | AW14: 0 | AX14: 0 | AY14: 0 | AZ14: 0 | BA14: 2 | BB14: 7 | BC14: 0 | BD14: 0 | BE14: 0 | BF14: 0 | BG14: 0 | BH14: 0 | BI14: ==AH14 -> 7 | BJ14: ==BI14/M14 -> 0.065543071 | BK14: ==AK14/AH14 -> 0.85714286 | BL14: ==IF(BI14=0,0,AL14/BI14) -> 0 | BM14: ==IF(BI14=0,0,AM14/BI14) -> 1 | BN14: ==IF(BI14=0,0,AN14/BI14) -> 0 | BO14: ==IF(BI14=0,0,AO14/BI14) -> 0 | BP14: ==-IF(BL14=0,0,BL14*LN(BL14))-IF(BM14=0,0,BM14*LN(BM14))-IF(BN14=0,0,BN14*LN(BN14))-IF(BO14=0,0,BO14*LN(BO14)) -> 0 | BQ14: ==IF(BI14=0,0,BP14/LN(4)*100) -> 0 | BR14: ==_xlfn.XLOOKUP(C14,点位均值!$A:$A,点位均值!$B:$B,"无匹配") -> 0.65448423 | BS14: ==_xlfn.XLOOKUP(C14,点位均值!$A:$A,点位均值!$C:$C,"无匹配") -> 2.8510257
A15: 12 | B15: f520c43b-4172-470a-a120-a0a957e6c7ca | C15: 上海市徐汇区湖南路街道华亭路2号 | D15: 1788078233211.jpg | K15: 7.9 | L15: 0 | M15: 18.1 | N15: 零售 | O15: 1 | P15: 3 | Q15: 97 | R15: 0 | S15: 6 | T15: 3 | U15: 3 | V15: 4 | W15: 一侧连续一侧临街 | Y15: 3 | Z15: 2 | AA15: 3 | AB15: 无 | AD15: 建筑 | AE15: 30 | AF15: 4 | AG15: 3 | AH15: 10 | AI15: 3 | AJ15: 2 | AK15: 8 | AL15: 1 | AM15: 8 | AN15: 0 | AO15: 1 | AP15: 4 | AQ15: 6 | AR15: 0 | AS15: 1 | AT15: 9 | AU15: 1 | AV15: 0 | AW15: 2 | AX15: 6 | AY15: 0 | AZ15: 0 | BA15: 0 | BB15: 1 | BC15: 0 | BD15: 0 | BE15: 0 | BF15: 0 | BG15: 0 | BH15: 0 | BI15: ==AH15 -> 10 | BJ15: ==BI15/M15 -> 0.55248619 | BK15: ==AK15/AH15 -> 0.8 | BL15: ==IF(BI15=0,0,AL15/BI15) -> 0.1 | BM15: ==IF(BI15=0,0,AM15/BI15) -> 0.8 | BN15: ==IF(BI15=0,0,AN15/BI15) -> 0 | BO15: ==IF(BI15=0,0,AO15/BI15) -> 0.1 | BP15: ==-IF(BL15=0,0,BL15*LN(BL15))-IF(BM15=0,0,BM15*LN(BM15))-IF(BN15=0,0,BN15*LN(BN15))-IF(BO15=0,0,BO15*LN(BO15)) -> 0.63903186 | BQ15: ==IF(BI15=0,0,BP15/LN(4)*100) -> 46.096405 | BR15: ==_xlfn.XLOOKUP(C15,点位均值!$A:$A,点位均值!$B:$B,"无匹配") -> 0.33583127 | BS15: ==_xlfn.XLOOKUP(C15,点位均值!$A:$A,点位均值!$C:$C,"无匹配") -> 3.1914883
A16: 13 | B16: c543a04a-1c12-47b5-af2f-8f6a9dcfab6e | C16: 上海市徐汇区湖南路街道乌鲁木齐中路143号 | D16: IMG_2516.jpg | E16: A2 商业界面 | F16: B1d 整体后退 | G16: B2b 橱窗 | H16: B3a-i 外摆在内侧；B3b-ii 招牌 | I16: C3 建筑尺度（整栋建筑） | J16: D4 电线杆；D5 路灯 | K16: 20 | L16: 2 | M16: 20 | N16: 餐饮/饮品；零售 | O16: 2 | P16: 4 | Q16: 31 | R16: 30 | S16: 10 | T16: 4 | U16: 2 | V16: 4 | W16: 商店位于街角 | X16: 143.jpg | Y16: 3 | Z16: 2 | AA16: 4 | AB16: 商店门口有抬升，并设有特殊铺地和围合 | AC16: 143.jpg | AD16: 树木；建筑；雨棚 | AE16: 80 | AF16: 4 | AG16: 3 | AH16: 5 | AI16: 0 | AJ16: 5 | AK16: 0 | AL16: 0 | AM16: 4 | AN16: 1 | AO16: 0 | AP16: 2 | AQ16: 3 | AR16: 0 | AS16: 2 | AT16: 3 | AU16: 2 | AV16: 0 | AW16: 3 | AX16: 0 | AY16: 0 | AZ16: 0 | BA16: 2 | BB16: 2 | BC16: 0 | BD16: 0 | BE16: 0 | BF16: 0 | BG16: 0 | BH16: 0 | BI16: ==AH16 -> 5 | BJ16: ==BI16/M16 -> 0.25 | BK16: ==AK16/AH16 -> 0 | BL16: ==IF(BI16=0,0,AL16/BI16) -> 0 | BM16: ==IF(BI16=0,0,AM16/BI16) -> 0.8 | BN16: ==IF(BI16=0,0,AN16/BI16) -> 0.2 | BO16: ==IF(BI16=0,0,AO16/BI16) -> 0 | BP16: ==-IF(BL16=0,0,BL16*LN(BL16))-IF(BM16=0,0,BM16*LN(BM16))-IF(BN16=0,0,BN16*LN(BN16))-IF(BO16=0,0,BO16*LN(BO16)) -> 0.50040242 | BQ16: ==IF(BI16=0,0,BP16/LN(4)*100) -> 36.096405 | BR16: ==_xlfn.XLOOKUP(C16,点位均值!$A:$A,点位均值!$B:$B,"无匹配") -> 1.1022829 | BS16: ==_xlfn.XLOOKUP(C16,点位均值!$A:$A,点位均值!$C:$C,"无匹配") -> 3.8687206
A17: 14 | B17: 5376f05b-08a8-4456-8817-93513a2a3b32 | C17: 上海市徐汇区湖南路街道乌鲁木齐中路146号 | D17: IMG_2517.jpg | E17: A2 商业界面 | F17: B1b 区域后退 | G17: B2b 橱窗 | H17: B3a-i 外摆在内侧 | I17: C2 开间尺度（单个店面或小片连续界面） | J17: D2 行道树；D6 共享单车 | K17: 8 | L17: 0 | M17: 20 | N17: 餐饮/饮品 | O17: 1 | P17: 5 | Q17: 53 | R17: 10 | S17: 2 | T17: 3 | U17: 5 | V17: 5 | W17: 界面连续性较强 | X17: 146.jpg | Y17: 4 | Z17: 2 | AA17: 2 | AB17: 无特殊抬升、铺地 围合 | AC17: 146.jpg | AD17: 树木；雨棚 | AE17: 30 | AF17: 4 | AG17: 3 | AH17: 3 | AI17: 1 | AJ17: 0 | AK17: 3 | AL17: 1 | AM17: 1 | AN17: 1 | AO17: 0 | AP17: 1 | AQ17: 2 | AR17: 0 | AS17: 2 | AT17: 1 | AU17: 2 | AV17: 0 | AW17: 0 | AX17: 0 | AY17: 3 | AZ17: 0 | BA17: 0 | BB17: 3 | BC17: 0 | BD17: 0 | BE17: 0 | BF17: 0 | BG17: 0 | BH17: 0 | BI17: ==AH17 -> 3 | BJ17: ==BI17/M17 -> 0.15 | BK17: ==AK17/AH17 -> 1 | BL17: ==IF(BI17=0,0,AL17/BI17) -> 0.33333333 | BM17: ==IF(BI17=0,0,AM17/BI17) -> 0.33333333 | BN17: ==IF(BI17=0,0,AN17/BI17) -> 0.33333333 | BO17: ==IF(BI17=0,0,AO17/BI17) -> 0 | BP17: ==-IF(BL17=0,0,BL17*LN(BL17))-IF(BM17=0,0,BM17*LN(BM17))-IF(BN17=0,0,BN17*LN(BN17))-IF(BO17=0,0,BO17*LN(BO17)) -> 1.0986123 | BQ17: ==IF(BI17=0,0,BP17/LN(4)*100) -> 79.248125 | BR17: ==_xlfn.XLOOKUP(C17,点位均值!$A:$A,点位均值!$B:$B,"无匹配") -> 3.8995037 | BS17: ==_xlfn.XLOOKUP(C17,点位均值!$A:$A,点位均值!$C:$C,"无匹配") -> 4.6407311
A18: 15 | B18: 6d84c7f6-cf69-450f-bb1b-e7d7120ce5b9 | C18: 上海市徐汇区湖南路街道乌鲁木齐中路192号 | D18: IMG_2519.jpg | E18: A2 商业界面 | F18: B1a 无后退 | G18: B2b 橱窗 | H18: B3a-i 外摆在内侧；B3b-ii 招牌 | I18: C2 开间尺度（单个店面或小片连续界面） | J18: D2 行道树；D4 电线杆 | K18: 4 | L18: 0 | M18: 0.5 | N18: 零售 | O18: 1 | P18: 4 | Q18: 177 | R18: 5 | S18: 2 | T18: 4 | U18: 4 | V18: 4 | W18: 界面连续性一般 | X18: 194.jpg | Y18: 5 | Z18: 2 | AA18: 4 | AB18: 无明显属于商铺的停留处 | AC18: 194.jpg | AD18: 树木 | AE18: 15 | AF18: 4 | AG18: 3 | BI18: ==AH18 -> 0 | BJ18: ==BI18/M18 -> 0 | BK18: ==AK18/AH18 -> #DIV/0! | BL18: ==IF(BI18=0,0,AL18/BI18) -> 0 | BM18: ==IF(BI18=0,0,AM18/BI18) -> 0 | BN18: ==IF(BI18=0,0,AN18/BI18) -> 0 | BO18: ==IF(BI18=0,0,AO18/BI18) -> 0 | BP18: ==-IF(BL18=0,0,BL18*LN(BL18))-IF(BM18=0,0,BM18*LN(BM18))-IF(BN18=0,0,BN18*LN(BN18))-IF(BO18=0,0,BO18*LN(BO18)) -> 0 | BQ18: ==IF(BI18=0,0,BP18/LN(4)*100) -> 0 | BR18: ==_xlfn.XLOOKUP(C18,点位均值!$A:$A,点位均值!$B:$B,"无匹配") -> 无匹配 | BS18: ==_xlfn.XLOOKUP(C18,点位均值!$A:$A,点位均值!$C:$C,"无匹配") -> 无匹配
A19: 16 | B19: 177dcbd2-be5a-4d13-8974-57d4bdaae66b | C19: 上海市徐汇区湖南路街道乌鲁木齐中路194号 | D19: 乌鲁木齐中路194号.jpg | E19: A2 商业界面 | F19: B1b 区域后退 | G19: B2b 橱窗 | H19: B3a-i 外摆在内侧；B3b-ii 招牌 | I19: C2 开间尺度（单个店面或小片连续界面） | J19: D4 电线杆 | K19: 8 | L19: 0 | M19: 0.5 | N19: 零售 | O19: 1 | P19: 4 | Q19: 177 | R19: 5 | S19: 2 | T19: 4 | U19: 4 | V19: 4 | W19: 界面连续性一般 | X19: 146.jpg | Y19: 5 | Z19: 2 | AA19: 4 | AB19: 无明显属于商店的停留处 | AC19: 146.jpg | AD19: 建筑；雨棚 | AE19: 15 | AF19: 5 | AG19: 3 | BI19: ==AH19 -> 0 | BJ19: ==BI19/M19 -> 0 | BK19: ==AK19/AH19 -> #DIV/0! | BL19: ==IF(BI19=0,0,AL19/BI19) -> 0 | BM19: ==IF(BI19=0,0,AM19/BI19) -> 0 | BN19: ==IF(BI19=0,0,AN19/BI19) -> 0 | BO19: ==IF(BI19=0,0,AO19/BI19) -> 0 | BP19: ==-IF(BL19=0,0,BL19*LN(BL19))-IF(BM19=0,0,BM19*LN(BM19))-IF(BN19=0,0,BN19*LN(BN19))-IF(BO19=0,0,BO19*LN(BO19)) -> 0 | BQ19: ==IF(BI19=0,0,BP19/LN(4)*100) -> 0 | BR19: ==_xlfn.XLOOKUP(C19,点位均值!$A:$A,点位均值!$B:$B,"无匹配") -> 无匹配 | BS19: ==_xlfn.XLOOKUP(C19,点位均值!$A:$A,点位均值!$C:$C,"无匹配") -> 无匹配
A20: 17 | B20: 33492bb2-a0a2-4355-a2f8-5c95efbde4e6 | C20: 上海市徐汇区湖南路街道乌鲁木齐中路292号 | D20: IMG_2523.jpg | E20: A2 商业界面 | F20: B1a 无后退 | G20: B2b 橱窗 | H20: B3b-i 雨棚；B3b-ii 招牌 | I20: C2 开间尺度（单个店面或小片连续界面） | J20: D2 行道树；D4 电线杆 | K20: 6 | L20: 0 | M20: 0.5 | N20: 餐饮/饮品 | O20: 1 | P20: 4 | Q20: 25 | R20: 10 | S20: 2 | T20: 5 | U20: 5 | V20: 5 | W20: 商铺入口处为通透的落地大玻璃 | X20: 厕所.jpg | Y20: 5 | Z20: 3 | AA20: 4 | AB20: 商店没有无特殊铺地、抬升 | AC20: 厕所.jpg | AD20: 树木；雨棚 | AE20: 50 | AF20: 4 | AG20: 5 | AH20: 2 | AI20: 1 | AJ20: 0 | AK20: 2 | AL20: 0 | AM20: 2 | AN20: 0 | AO20: 0 | AP20: 1 | AQ20: 1 | AR20: 0 | AS20: 0 | AT20: 2 | AU20: 2 | AV20: 0 | AW20: 0 | AX20: 0 | AY20: 0 | AZ20: 0 | BA20: 0 | BB20: 2 | BC20: 0 | BD20: 0 | BE20: 0 | BF20: 0 | BG20: 0 | BH20: 0 | BI20: ==AH20 -> 2 | BJ20: ==BI20/M20 -> 4 | BK20: ==AK20/AH20 -> 1 | BL20: ==IF(BI20=0,0,AL20/BI20) -> 0 | BM20: ==IF(BI20=0,0,AM20/BI20) -> 1 | BN20: ==IF(BI20=0,0,AN20/BI20) -> 0 | BO20: ==IF(BI20=0,0,AO20/BI20) -> 0 | BP20: ==-IF(BL20=0,0,BL20*LN(BL20))-IF(BM20=0,0,BM20*LN(BM20))-IF(BN20=0,0,BN20*LN(BN20))-IF(BO20=0,0,BO20*LN(BO20)) -> 0 | BQ20: ==IF(BI20=0,0,BP20/LN(4)*100) -> 0 | BR20: ==_xlfn.XLOOKUP(C20,点位均值!$A:$A,点位均值!$B:$B,"无匹配") -> 0.73870968 | BS20: ==_xlfn.XLOOKUP(C20,点位均值!$A:$A,点位均值!$C:$C,"无匹配") -> 5.4506527
A21: 18 | B21: c706cdda-3ec5-46c6-a32f-5a69eba68fce | C21: 上海市徐汇区湖南路街道乌鲁木齐中路294号 | D21: IMG_2524.jpg | E21: A2 商业界面 | F21: B1a 无后退 | G21: B2b 橱窗 | I21: C2 开间尺度（单个店面或小片连续界面） | J21: D4 电线杆；D6 共享单车 | K21: 6 | L21: 0 | M21: 0.5 | N21: 餐饮/饮品 | O21: 1 | P21: 2 | Q21: 27 | R21: 5 | S21: 2 | T21: 5 | U21: 2 | V21: 3 | W21: 店铺保持统一的配色方案 | X21: 厕所.jpg | Y21: 4 | Z21: 1 | AA21: 5 | AB21: 商店外没有设有明显停留处 | AD21: 树木 | AE21: 30 | AF21: 4 | AG21: 3 | BI21: ==AH21 -> 0 | BJ21: ==BI21/M21 -> 0 | BK21: ==AK21/AH21 -> #DIV/0! | BL21: ==IF(BI21=0,0,AL21/BI21) -> 0 | BM21: ==IF(BI21=0,0,AM21/BI21) -> 0 | BN21: ==IF(BI21=0,0,AN21/BI21) -> 0 | BO21: ==IF(BI21=0,0,AO21/BI21) -> 0 | BP21: ==-IF(BL21=0,0,BL21*LN(BL21))-IF(BM21=0,0,BM21*LN(BM21))-IF(BN21=0,0,BN21*LN(BN21))-IF(BO21=0,0,BO21*LN(BO21)) -> 0 | BQ21: ==IF(BI21=0,0,BP21/LN(4)*100) -> 0 | BR21: ==_xlfn.XLOOKUP(C21,点位均值!$A:$A,点位均值!$B:$B,"无匹配") -> 无匹配 | BS21: ==_xlfn.XLOOKUP(C21,点位均值!$A:$A,点位均值!$C:$C,"无匹配") -> 无匹配
A22: 19 | B22: 97e18ce8-f63c-4f11-b0d8-7a0d0f8e74dd | C22: 上海市徐汇区湖南路街道乌鲁木齐中路296号 | D22: IMG_2525.jpg | E22: A2 商业界面 | F22: B1a 无后退 | G22: B2c 墙面开洞 | H22: B3b-i 雨棚 | I22: C2 开间尺度（单个店面或小片连续界面） | K22: 3 | L22: 0 | M22: 1 | N22: 餐饮/饮品 | O22: 1 | P22: 4 | Q22: 5 | R22: 5 | S22: 3 | T22: 2 | U22: 4 | V22: 4 | W22: 界面较为模糊 | X22: 忘记馒头.jpg | Y22: 3 | Z22: 5 | AA22: 2 | AB22: 早餐店设备部分侵占行人行走空间 | AC22: 忘记馒头.jpg | AD22: 雨棚 | AE22: 30 | AF22: 3 | AG22: 2 | AH22: 2 | AI22: 0 | AJ22: 2 | AK22: 0 | AL22: 0 | AM22: 1 | AN22: 1 | AO22: 0 | AP22: 1 | AQ22: 1 | AR22: 0 | AS22: 0 | AT22: 2 | AU22: 1 | AV22: 2 | AW22: 2 | AX22: 0 | AY22: 0 | AZ22: 0 | BA22: 0 | BB22: 0 | BC22: 0 | BD22: 0 | BE22: 0 | BF22: 0 | BG22: 0 | BH22: 0 | BI22: ==AH22 -> 2 | BJ22: ==BI22/M22 -> 2 | BK22: ==AK22/AH22 -> 0 | BL22: ==IF(BI22=0,0,AL22/BI22) -> 0 | BM22: ==IF(BI22=0,0,AM22/BI22) -> 0.5 | BN22: ==IF(BI22=0,0,AN22/BI22) -> 0.5 | BO22: ==IF(BI22=0,0,AO22/BI22) -> 0 | BP22: ==-IF(BL22=0,0,BL22*LN(BL22))-IF(BM22=0,0,BM22*LN(BM22))-IF(BN22=0,0,BN22*LN(BN22))-IF(BO22=0,0,BO22*LN(BO22)) -> 0.69314718 | BQ22: ==IF(BI22=0,0,BP22/LN(4)*100) -> 50 | BR22: ==_xlfn.XLOOKUP(C22,点位均值!$A:$A,点位均值!$B:$B,"无匹配") -> 1.8687345 | BS22: ==_xlfn.XLOOKUP(C22,点位均值!$A:$A,点位均值!$C:$C,"无匹配") -> 5.0887728
A23: 20 | B23: 3ba42643-3a25-4191-88b8-1b8bd1545f4a | C23: 上海市徐汇区湖南路街道乌鲁木齐中路305号 | D23: 乌鲁木齐中路305号.jpg | E23: A2 商业界面 | F23: B1b 区域后退 | G23: B2b 橱窗 | H23: B3a-i 外摆在内侧；B3b-i 雨棚 | I23: C2 开间尺度（单个店面或小片连续界面） | J23: D2 行道树 | K23: 6 | L23: 1 | M23: 2 | N23: 餐饮/饮品 | O23: 1 | P23: 4 | Q23: 43 | R23: 10 | S23: 6 | T23: 5 | U23: 5 | V23: 4 | W23: 界面色彩有特点且连续 | X23: gelato.jpg | Y23: 5 | Z23: 1 | AA23: 5 | AB23: 冰淇淋店外所设停留处范围不明显 | AC23: gelato.jpg | AD23: 树木；雨棚 | AE23: 20 | AF23: 5 | AG23: 4 | BI23: ==AH23 -> 0 | BJ23: ==BI23/M23 -> 0 | BK23: ==AK23/AH23 -> #DIV/0! | BL23: ==IF(BI23=0,0,AL23/BI23) -> 0 | BM23: ==IF(BI23=0,0,AM23/BI23) -> 0 | BN23: ==IF(BI23=0,0,AN23/BI23) -> 0 | BO23: ==IF(BI23=0,0,AO23/BI23) -> 0 | BP23: ==-IF(BL23=0,0,BL23*LN(BL23))-IF(BM23=0,0,BM23*LN(BM23))-IF(BN23=0,0,BN23*LN(BN23))-IF(BO23=0,0,BO23*LN(BO23)) -> 0 | BQ23: ==IF(BI23=0,0,BP23/LN(4)*100) -> 0 | BR23: ==_xlfn.XLOOKUP(C23,点位均值!$A:$A,点位均值!$B:$B,"无匹配") -> 无匹配 | BS23: ==_xlfn.XLOOKUP(C23,点位均值!$A:$A,点位均值!$C:$C,"无匹配") -> 无匹配
A24: 21 | B24: 68df0ca1-0979-40a1-83c2-f9f8052aaa88 | C24: 上海市徐汇区湖南路街道乌鲁木齐中路315号 | D24: 乌鲁木齐中路315号.jpg | E24: A2 商业界面 | F24: B1b 区域后退 | G24: B2b 橱窗 | H24: B3a-i 外摆在内侧；B3b-i 雨棚 | I24: C2 开间尺度（单个店面或小片连续界面） | J24: D2 行道树 | K24: 6 | L24: 1 | M24: 2 | N24: 餐饮/饮品 | O24: 1 | P24: 4 | Q24: 50 | R24: 0 | S24: 6 | T24: 5 | U24: 4 | V24: 4 | W24: / | Y24: 4 | Z24: 1 | AA24: 5 | AB24: / | AD24: 树木；雨棚 | AE24: 50 | AF24: 3 | AG24: 3 | AH24: 2 | AI24: 1 | AJ24: 0 | AK24: 2 | AL24: 0 | AM24: 2 | AN24: 0 | AO24: 0 | AP24: 1 | AQ24: 1 | AR24: 0 | AS24: 2 | AT24: 0 | AU24: 2 | AV24: 0 | AW24: 0 | AX24: 0 | AY24: 0 | AZ24: 0 | BA24: 0 | BB24: 2 | BC24: 0 | BD24: 0 | BE24: 0 | BF24: 0 | BG24: 0 | BH24: 0 | BI24: ==AH24 -> 2 | BJ24: ==BI24/M24 -> 1 | BK24: ==AK24/AH24 -> 1 | BL24: ==IF(BI24=0,0,AL24/BI24) -> 0 | BM24: ==IF(BI24=0,0,AM24/BI24) -> 1 | BN24: ==IF(BI24=0,0,AN24/BI24) -> 0 | BO24: ==IF(BI24=0,0,AO24/BI24) -> 0 | BP24: ==-IF(BL24=0,0,BL24*LN(BL24))-IF(BM24=0,0,BM24*LN(BM24))-IF(BN24=0,0,BN24*LN(BN24))-IF(BO24=0,0,BO24*LN(BO24)) -> 0 | BQ24: ==IF(BI24=0,0,BP24/LN(4)*100) -> 0 | BR24: ==_xlfn.XLOOKUP(C24,点位均值!$A:$A,点位均值!$B:$B,"无匹配") -> 0.73870968 | BS24: ==_xlfn.XLOOKUP(C24,点位均值!$A:$A,点位均值!$C:$C,"无匹配") -> 5.4506527
